time,lap,lapdist,speed,rpm,gear,throttle,brake,steering
0,1,0,302.6,9102,8,100,0,0
0.095,1,8,302.6,9102,8,100,0,0
0.19,1,16,302.6,9102,8,100,0,0
0.286,1,24,302.6,9102,8,100,0,0
0.381,1,32,302.6,9102,8,100,0,0
0.476,1,40,302.6,9102,8,100,0,0
0.571,1,48,302.6,9102,8,100,0,0
0.666,1,56,302.6,9102,8,100,0,0
0.762,1,64,302.6,9102,8,100,0,0
0.857,1,72,302.6,9102,8,100,0,0
0.952,1,80,302.6,9102,8,100,0,0
1.047,1,88,302.6,9102,8,100,0,0
1.142,1,96,302.6,9102,8,100,0,0
1.237,1,104,302.6,9102,8,100,0,0
1.333,1,112,302.6,9102,8,100,0,0
1.428,1,120,302.6,9102,8,100,0,0
1.523,1,128,302.6,9102,8,100,0,0
1.618,1,136,302.6,9102,8,100,0,0
1.713,1,144,302.6,9102,8,100,0,0
1.809,1,152,302.6,9102,8,100,0,0
1.904,1,160,302.6,9102,8,100,0,0
1.999,1,168,302.6,9102,8,100,0,0
2.094,1,176,302.6,9102,8,100,0,0
2.189,1,184,302.6,9102,8,100,0,0
2.285,1,192,302.6,9102,8,100,0,0
2.38,1,200,302.6,9102,8,100,0,0
2.475,1,208,302.6,9102,8,100,0,0
2.57,1,216,302.6,9102,8,100,0,0
2.665,1,224,302.6,9102,8,100,0,0
2.761,1,232,299.8,8720,7,5,53,0
2.859,1,240,288.7,7192,7,5,53,-1
2.96,1,248,277.6,11165,7,4,54,-2
3.066,1,256,266.5,9637,7,4,54,-3
3.177,1,264,255.3,8109,6,3,55,-4
3.292,1,272,244.2,6582,6,3,55,-5
3.413,1,280,233.1,10554,6,3,56,-6
3.539,1,288,222.0,9026,6,2,56,-7
3.672,1,296,210.9,7499,5,2,57,-8
3.813,1,304,199.8,11471,5,2,58,-9
3.961,1,312,188.7,9943,5,1,58,-10
4.118,1,320,177.6,8416,4,1,59,-10
4.286,1,328,166.5,6888,4,1,59,-11
4.465,1,336,155.3,10860,4,0,60,-12
4.657,1,344,144.2,9333,4,0,60,-13
4.864,1,352,133.1,7805,3,0,61,-14
5.09,1,360,122.0,6277,3,0,61,-15
5.338,1,368,110.9,10250,3,0,62,-16
5.611,1,376,99.8,10222,2,100,0,-17
5.9,1,384,99.8,10222,2,100,0,-17
6.173,1,392,110.9,10250,3,100,0,-16
6.42,1,400,122.0,6277,3,100,0,-15
6.646,1,408,133.1,7805,3,100,0,-14
6.854,1,416,144.2,9333,4,100,0,-13
7.046,1,424,155.3,10860,4,100,0,-12
7.225,1,432,166.5,6888,4,100,0,-11
7.392,1,440,177.6,8416,4,100,0,-10
7.55,1,448,188.7,9943,5,100,0,-10
7.698,1,456,199.8,11471,5,100,0,-9
7.838,1,464,210.9,7499,5,100,0,-8
7.971,1,472,222.0,9026,6,100,0,-7
8.098,1,480,233.1,10554,6,100,0,-6
8.218,1,488,244.2,6582,6,100,0,-5
8.334,1,496,255.3,8109,6,100,0,-4
8.444,1,504,266.5,9637,7,100,0,-3
8.55,1,512,277.6,11165,7,100,0,-2
8.652,1,520,288.7,7192,7,100,0,-1
8.75,1,528,299.8,8720,7,100,0,0
8.845,1,536,302.6,9102,8,100,0,0
8.94,1,544,302.6,9102,8,100,0,0
9.036,1,552,302.6,9102,8,100,0,0
9.131,1,560,302.6,9102,8,100,0,0
9.226,1,568,302.6,9102,8,100,0,0
9.321,1,576,302.6,9102,8,100,0,0
9.416,1,584,302.6,9102,8,100,0,0
9.511,1,592,302.6,9102,8,100,0,0
9.607,1,600,302.6,9102,8,100,0,0
9.702,1,608,302.6,9102,8,100,0,0
9.797,1,616,302.6,9102,8,100,0,0
9.892,1,624,302.6,9102,8,100,0,0
9.987,1,632,302.6,9102,8,100,0,0
10.083,1,640,302.6,9102,8,100,0,0
10.178,1,648,302.6,9102,8,100,0,0
10.273,1,656,302.6,9102,8,100,0,0
10.368,1,664,302.6,9102,8,100,0,0
10.463,1,672,302.6,9102,8,100,0,0
10.559,1,680,302.6,9102,8,100,0,0
10.654,1,688,302.6,9102,8,100,0,0
10.749,1,696,302.6,9102,8,29,16,0
10.845,1,704,297.4,8397,7,8,48,0
10.943,1,712,287.2,6988,7,8,48,-1
11.046,1,720,276.9,11078,7,8,49,-1
11.152,1,728,266.7,9669,7,7,49,-2
11.262,1,736,256.4,8259,6,7,50,-3
11.376,1,744,246.2,6850,6,7,50,-3
11.496,1,752,235.9,10940,6,6,51,-4
11.62,1,760,225.7,9531,6,6,51,-4
11.751,1,768,215.4,8122,5,6,52,-5
11.888,1,776,205.2,6712,5,5,52,-5
12.032,1,784,194.9,10803,5,5,53,-6
12.184,1,792,184.7,9393,5,5,53,-6
12.344,1,800,174.4,7984,4,4,54,-7
12.514,1,808,164.2,6574,4,4,54,-8
12.695,1,816,153.9,10665,4,100,0,-8
12.882,1,824,153.9,10665,4,100,0,-8
13.063,1,832,164.2,6574,4,100,0,-8
13.234,1,840,174.4,7984,4,100,0,-7
13.394,1,848,184.7,9393,5,100,0,-6
13.546,1,856,194.9,10803,5,100,0,-6
13.69,1,864,205.2,6712,5,100,0,-5
13.827,1,872,215.4,8122,5,100,0,-5
13.957,1,880,225.7,9531,6,100,0,-4
14.082,1,888,235.9,10940,6,100,0,-4
14.201,1,896,246.2,6850,6,100,0,-3
14.316,1,904,256.4,8259,6,100,0,-3
14.426,1,912,266.7,9669,7,100,0,-2
14.532,1,920,276.9,11078,7,100,0,-1
14.634,1,928,287.2,6988,7,100,0,-1
14.733,1,936,297.4,8397,7,100,0,0
14.829,1,944,302.6,9102,8,100,0,0
14.924,1,952,302.6,9102,8,100,0,0
15.019,1,960,302.6,9102,8,100,0,0
15.114,1,968,302.6,9102,8,100,0,0
15.209,1,976,302.6,9102,8,100,0,0
15.305,1,984,302.6,9102,8,100,0,0
15.4,1,992,302.6,9102,8,100,0,0
15.495,1,1000,302.6,9102,8,100,0,0
15.59,1,1008,302.6,9102,8,100,0,0
15.685,1,1016,302.6,9102,8,100,0,0
15.781,1,1024,302.6,9102,8,100,0,0
15.876,1,1032,302.6,9102,8,100,0,0
15.971,1,1040,302.6,9102,8,100,0,0
16.066,1,1048,302.6,9102,8,100,0,0
16.161,1,1056,302.6,9102,8,100,0,0
16.257,1,1064,302.6,9102,8,100,0,0
16.352,1,1072,302.6,9102,8,100,0,0
16.447,1,1080,302.6,9102,8,6,52,0
16.544,1,1088,291.6,7594,7,5,52,-1
16.645,1,1096,280.6,6085,7,5,53,-2
16.749,1,1104,269.6,10077,7,4,53,-3
16.858,1,1112,258.7,8568,6,4,54,-4
16.972,1,1120,247.7,7060,6,4,54,-5
17.091,1,1128,236.7,11051,6,3,55,-6
17.215,1,1136,225.8,9543,6,3,55,-7
17.346,1,1144,214.8,8035,5,3,56,-8
17.484,1,1152,203.8,6526,5,2,56,-9
17.629,1,1160,192.9,10518,5,2,57,-10
17.783,1,1168,181.9,9009,5,2,58,-11
17.946,1,1176,170.9,7501,4,1,58,-12
18.12,1,1184,159.9,11492,4,1,59,-13
18.306,1,1192,149.0,9984,4,1,59,-14
18.507,1,1200,138.0,8476,3,0,60,-15
18.725,1,1208,127.0,6967,3,0,60,-16
18.961,1,1216,116.1,10959,3,0,61,-17
19.222,1,1224,105.1,9450,3,0,61,-18
19.511,1,1232,94.1,9442,2,0,62,-19
19.836,1,1240,83.2,7934,2,0,62,-20
20.207,1,1248,72.2,11925,2,100,0,-21
20.591,1,1256,77.7,12679,2,100,0,-21
20.938,1,1264,88.6,8688,2,100,0,-20
21.243,1,1272,99.6,10196,2,100,0,-19
21.518,1,1280,110.6,10205,3,100,0,-18
21.766,1,1288,121.5,6213,3,100,0,-17
21.992,1,1296,132.5,7721,3,100,0,-16
22.201,1,1304,143.5,9230,4,100,0,-15
22.394,1,1312,154.5,10738,4,100,0,-14
22.574,1,1320,165.4,6747,4,100,0,-13
22.743,1,1328,176.4,8255,4,100,0,-12
22.901,1,1336,187.4,9764,5,100,0,-11
23.051,1,1344,198.3,11272,5,100,0,-10
23.192,1,1352,209.3,7280,5,100,0,-9
23.326,1,1360,220.3,8789,6,100,0,-8
23.454,1,1368,231.3,10297,6,100,0,-7
23.575,1,1376,242.2,6306,6,100,0,-6
23.691,1,1384,253.2,7814,6,100,0,-5
23.803,1,1392,264.2,9323,7,100,0,-4
23.91,1,1400,275.1,10831,7,100,0,-3
24.012,1,1408,286.1,6839,7,100,0,-2
24.111,1,1416,297.1,8348,7,100,0,-1
24.207,1,1424,302.6,9102,8,100,0,0
24.302,1,1432,302.6,9102,8,100,0,0
24.397,1,1440,302.6,9102,8,100,0,0
24.493,1,1448,302.6,9102,8,100,0,0
24.588,1,1456,302.6,9102,8,100,0,0
24.683,1,1464,302.6,9102,8,100,0,0
24.778,1,1472,302.6,9102,8,100,0,0
24.873,1,1480,302.6,9102,8,100,0,0
24.969,1,1488,302.6,9102,8,100,0,0
25.064,1,1496,302.6,9102,8,100,0,0
25.159,1,1504,302.6,9102,8,100,0,0
25.254,1,1512,302.6,9102,8,100,0,0
25.349,1,1520,302.6,9102,8,100,0,0
25.445,1,1528,302.6,9102,8,100,0,0
25.54,1,1536,302.6,9102,8,100,0,0
25.635,1,1544,302.6,9102,8,100,0,0
25.73,1,1552,302.6,9102,8,100,0,0
25.825,1,1560,302.6,9102,8,100,0,0
25.92,1,1568,302.6,9102,8,100,0,0
26.016,1,1576,302.6,9102,8,100,0,0
26.111,1,1584,302.6,9102,8,100,0,0
26.206,1,1592,302.6,9102,8,100,0,0
26.301,1,1600,302.6,9102,8,100,0,0
26.396,1,1608,302.6,9102,8,100,0,0
26.492,1,1616,302.6,9102,8,27,20,0
26.588,1,1624,296.9,8326,7,4,54,0
26.687,1,1632,285.6,6773,7,4,54,-1
26.789,1,1640,274.3,10720,7,3,55,-2
26.897,1,1648,263.0,9167,7,3,56,-3
27.009,1,1656,251.7,7614,6,3,56,-4
27.126,1,1664,240.4,6061,6,2,57,-5
27.248,1,1672,229.2,10008,6,2,57,-5
27.377,1,1680,217.9,8456,5,1,58,-6
27.513,1,1688,206.6,6903,5,1,58,-7
27.656,1,1696,195.3,10850,5,1,59,-8
27.808,1,1704,184.0,9297,5,0,59,-9
27.969,1,1712,172.7,7744,4,0,60,-9
28.142,1,1720,161.4,6191,4,0,60,-10
28.327,1,1728,150.1,10138,4,0,61,-11
28.526,1,1736,138.8,8586,3,0,62,-12
28.742,1,1744,127.5,7033,3,21,28,-13
28.973,1,1752,121.9,6256,3,100,0,-13
29.199,1,1760,133.2,7809,3,100,0,-12
29.407,1,1768,144.5,9362,4,100,0,-11
29.599,1,1776,155.7,10915,4,100,0,-11
29.777,1,1784,167.0,6968,4,100,0,-10
29.944,1,1792,178.3,8521,4,100,0,-9
30.1,1,1800,189.6,10073,5,100,0,-8
30.248,1,1808,200.9,6126,5,100,0,-7
30.387,1,1816,212.2,7679,5,100,0,-7
30.52,1,1824,223.5,9232,6,100,0,-6
30.645,1,1832,234.8,10785,6,100,0,-5
30.765,1,1840,246.1,6838,6,100,0,-4
30.879,1,1848,257.4,8391,6,100,0,-3
30.989,1,1856,268.7,9943,7,100,0,-2
31.094,1,1864,280.0,11496,7,100,0,-2
31.195,1,1872,291.3,7549,7,100,0,-1
31.292,1,1880,302.6,9102,8,100,0,0
31.387,1,1888,302.6,9102,8,100,0,0
31.482,1,1896,302.6,9102,8,100,0,0
31.577,1,1904,302.6,9102,8,100,0,0
31.672,1,1912,302.6,9102,8,100,0,0
31.768,1,1920,302.6,9102,8,100,0,0
31.863,1,1928,302.6,9102,8,100,0,0
31.958,1,1936,302.6,9102,8,100,0,0
32.053,1,1944,302.6,9102,8,100,0,0
32.148,1,1952,302.6,9102,8,100,0,0
32.244,1,1960,302.6,9102,8,100,0,0
32.339,1,1968,302.6,9102,8,100,0,0
32.434,1,1976,302.6,9102,8,100,0,0
32.529,1,1984,302.6,9102,8,100,0,0
32.624,1,1992,302.6,9102,8,100,0,0
32.72,1,2000,302.6,9102,8,100,0,0
32.815,1,2008,302.6,9102,8,100,0,0
32.91,1,2016,302.6,9102,8,100,0,0
33.005,1,2024,302.6,9102,8,100,0,0
33.1,1,2032,302.6,9102,8,100,0,0
33.195,1,2040,302.6,9102,8,6,50,0
33.292,1,2048,291.8,7622,7,6,51,-1
33.393,1,2056,281.0,6142,7,6,52,-2
33.497,1,2064,270.3,10162,7,5,52,-3
33.606,1,2072,259.5,8682,6,5,53,-4
33.719,1,2080,248.7,7202,6,5,53,-5
33.838,1,2088,238.0,11222,6,4,54,-6
33.962,1,2096,227.2,9742,6,4,54,-7
34.091,1,2104,216.5,8262,5,4,55,-7
34.228,1,2112,205.7,6783,5,3,55,-8
34.372,1,2120,194.9,10803,5,3,56,-9
34.524,1,2128,184.2,9323,5,3,56,-10
34.685,1,2136,173.4,7843,4,2,57,-11
34.856,1,2144,162.6,6363,4,2,57,-12
35.039,1,2152,151.9,10383,4,1,58,-13
35.236,1,2160,141.1,8903,4,1,58,-14
35.448,1,2168,130.3,7423,3,1,59,-15
35.679,1,2176,119.6,11443,3,0,59,-16
35.931,1,2184,108.8,9963,3,0,60,-17
36.209,1,2192,98.1,9983,2,0,60,-18
36.52,1,2200,87.3,8503,2,100,0,-19
36.831,1,2208,98.1,9983,2,100,0,-18
37.109,1,2216,108.8,9963,3,100,0,-17
37.361,1,2224,119.6,11443,3,100,0,-16
37.592,1,2232,130.3,7423,3,100,0,-15
37.804,1,2240,141.1,8903,4,100,0,-14
38.0,1,2248,151.9,10383,4,100,0,-13
38.184,1,2256,162.6,6363,4,100,0,-12
38.355,1,2264,173.4,7843,4,100,0,-11
38.516,1,2272,184.2,9323,5,100,0,-10
38.668,1,2280,194.9,10803,5,100,0,-9
38.812,1,2288,205.7,6783,5,100,0,-8
38.948,1,2296,216.5,8262,5,100,0,-7
39.078,1,2304,227.2,9742,6,100,0,-7
39.202,1,2312,238.0,11222,6,100,0,-6
39.32,1,2320,248.7,7202,6,100,0,-5
39.434,1,2328,259.5,8682,6,100,0,-4
39.542,1,2336,270.3,10162,7,100,0,-3
39.647,1,2344,281.0,6142,7,100,0,-2
39.747,1,2352,291.8,7622,7,100,0,-1
39.844,1,2360,302.6,9102,8,100,0,0
39.939,1,2368,302.6,9102,8,100,0,0
40.035,1,2376,302.6,9102,8,100,0,0
40.13,1,2384,302.6,9102,8,100,0,0
40.225,1,2392,302.6,9102,8,100,0,0
40.32,1,2400,302.6,9102,8,100,0,0
40.415,1,2408,302.6,9102,8,100,0,0
40.511,1,2416,302.6,9102,8,100,0,0
40.606,1,2424,302.6,9102,8,100,0,0
40.701,1,2432,302.6,9102,8,100,0,0
40.796,1,2440,302.6,9102,8,100,0,0
40.891,1,2448,302.6,9102,8,100,0,0
40.987,1,2456,302.6,9102,8,100,0,0
41.082,1,2464,302.6,9102,8,100,0,0
41.177,1,2472,302.6,9102,8,100,0,0
41.272,1,2480,302.6,9102,8,100,0,0
41.367,1,2488,302.6,9102,8,100,0,0
41.462,1,2496,302.6,9102,8,100,0,0
41.558,1,2504,302.6,9102,8,100,0,0
41.653,1,2512,302.6,9102,8,100,0,0
41.748,1,2520,302.6,9102,8,100,0,0
41.843,1,2528,302.6,9102,8,100,0,0
41.938,1,2536,302.6,9102,8,100,0,0
42.034,1,2544,302.6,9102,8,100,0,0
42.129,1,2552,302.6,9102,8,100,0,0
42.224,1,2560,302.6,9102,8,100,0,0
42.319,1,2568,302.6,9102,8,100,0,0
42.414,1,2576,302.6,9102,8,100,0,0
42.51,1,2584,302.6,9102,8,100,0,0
42.605,1,2592,302.6,9102,8,100,0,0
42.7,1,2600,302.6,9102,8,100,0,0
42.795,1,2608,302.6,9102,8,100,0,0
42.89,1,2616,302.6,9102,8,100,0,0
42.985,1,2624,302.6,9102,8,100,0,0
43.081,1,2632,299.7,8716,7,4,53,0
43.179,1,2640,288.5,7170,7,4,54,-1
43.281,1,2648,277.3,11124,7,4,55,-2
43.387,1,2656,266.0,9578,7,3,55,-2
43.497,1,2664,254.8,8032,6,3,56,-3
43.613,1,2672,243.5,6486,6,3,56,-4
43.734,1,2680,232.3,10440,6,2,57,-5
43.861,1,2688,221.1,8894,6,2,57,-5
43.995,1,2696,209.8,7349,5,1,58,-6
44.136,1,2704,198.6,11303,5,1,58,-7
44.285,1,2712,187.3,9757,5,1,59,-7
44.444,1,2720,176.1,8211,4,0,59,-8
44.613,1,2728,164.8,6665,4,0,60,-9
44.793,1,2736,153.6,10619,4,0,61,-10
44.988,1,2744,142.4,9073,4,22,27,-10
45.194,1,2752,136.7,8300,3,100,0,-11
45.397,1,2760,148.0,9846,4,100,0,-10
45.584,1,2768,159.2,11392,4,100,0,-9
45.759,1,2776,170.5,7438,4,100,0,-8
45.923,1,2784,181.7,8984,5,100,0,-8
46.076,1,2792,192.9,10530,5,100,0,-7
46.221,1,2800,204.2,6576,5,100,0,-6
46.359,1,2808,215.4,8122,5,100,0,-6
46.489,1,2816,226.7,9667,6,100,0,-5
46.613,1,2824,237.9,11213,6,100,0,-4
46.731,1,2832,249.2,7259,6,100,0,-3
46.844,1,2840,260.4,8805,7,100,0,-3
46.952,1,2848,271.6,10351,7,100,0,-2
47.056,1,2856,282.9,6397,7,100,0,-1
47.156,1,2864,294.1,7943,7,100,0,-1
47.253,1,2872,302.6,9102,8,100,0,0
47.348,1,2880,302.6,9102,8,100,0,0
47.443,1,2888,302.6,9102,8,100,0,0
47.538,1,2896,302.6,9102,8,100,0,0
47.633,1,2904,302.6,9102,8,100,0,0
47.729,1,2912,302.6,9102,8,100,0,0
47.824,1,2920,302.6,9102,8,100,0,0
47.919,1,2928,302.6,9102,8,100,0,0
48.014,1,2936,302.6,9102,8,100,0,0
48.109,1,2944,302.6,9102,8,100,0,0
48.205,1,2952,302.6,9102,8,100,0,0
48.3,1,2960,302.6,9102,8,100,0,0
48.395,1,2968,302.6,9102,8,100,0,0
48.49,1,2976,302.6,9102,8,100,0,0
48.585,1,2984,302.6,9102,8,100,0,0
48.681,1,2992,302.6,9102,8,100,0,0
48.776,1,3000,302.6,9102,8,100,0,0
48.871,1,3008,302.6,9102,8,100,0,0
48.966,1,3016,302.6,9102,8,100,0,0
49.061,1,3024,302.6,9102,8,100,0,0
49.156,1,3032,302.6,9102,8,100,0,0
49.252,1,3040,302.6,9102,8,100,0,0
49.347,1,3048,302.6,9102,8,100,0,0
49.442,1,3056,302.6,9102,8,100,0,0
49.537,1,3064,302.6,9102,8,100,0,0
49.632,1,3072,302.6,9102,8,100,0,0
49.728,1,3080,302.6,9102,8,100,0,0
49.823,1,3088,302.6,9102,8,100,0,0
49.918,1,3096,302.6,9102,8,100,0,0
50.013,1,3104,302.6,9102,8,100,0,0
50.108,1,3112,302.6,9102,8,100,0,0
50.204,1,3120,302.6,9102,8,100,0,0
50.299,1,3128,302.6,9102,8,100,0,0
50.394,1,3136,302.6,9102,8,100,0,0
50.489,1,3144,302.6,9102,8,100,0,0
50.584,1,3152,302.6,9102,8,100,0,0
50.679,1,3160,302.6,9102,8,100,0,0
50.775,1,3168,302.6,9102,8,100,0,0
50.87,1,3176,302.6,9102,8,100,0,0
50.965,1,3184,302.6,9102,8,100,0,0
51.06,1,3192,302.6,9102,8,100,0,0
51.155,1,3200,302.6,9102,8,100,0,0
51.455,2,0,303.8,9270,8,100,0,0
51.55,2,8,303.8,9270,8,100,0,0
51.645,2,16,303.8,9270,8,100,0,0
51.739,2,24,303.8,9270,8,100,0,0
51.834,2,32,303.8,9270,8,100,0,0
51.929,2,40,303.8,9270,8,100,0,0
52.024,2,48,303.8,9270,8,100,0,0
52.119,2,56,303.8,9270,8,100,0,0
52.213,2,64,303.8,9270,8,100,0,0
52.308,2,72,303.8,9270,8,100,0,0
52.403,2,80,303.8,9270,8,100,0,0
52.498,2,88,303.8,9270,8,100,0,0
52.593,2,96,303.8,9270,8,100,0,0
52.687,2,104,303.8,9270,8,100,0,0
52.782,2,112,303.8,9270,8,100,0,0
52.877,2,120,303.8,9270,8,100,0,0
52.972,2,128,303.8,9270,8,100,0,0
53.067,2,136,303.8,9270,8,100,0,0
53.161,2,144,303.8,9270,8,100,0,0
53.256,2,152,303.8,9270,8,100,0,0
53.351,2,160,303.8,9270,8,100,0,0
53.446,2,168,303.8,9270,8,100,0,0
53.541,2,176,303.8,9270,8,100,0,0
53.636,2,184,303.8,9270,8,100,0,0
53.73,2,192,303.8,9270,8,100,0,0
53.825,2,200,303.8,9270,8,100,0,0
53.92,2,208,303.8,9270,8,100,0,0
54.015,2,216,303.8,9270,8,100,0,0
54.11,2,224,303.8,9270,8,34,9,0
54.205,2,232,301.0,8886,8,0,60,0
54.302,2,240,289.8,7352,7,0,60,-1
54.404,2,248,278.7,11319,7,0,60,-2
54.509,2,256,267.5,9785,7,0,61,-3
54.619,2,264,256.4,8251,6,0,61,-4
54.734,2,272,245.2,6717,6,0,61,-5
54.854,2,280,234.1,10683,6,0,62,-6
54.98,2,288,222.9,9149,6,0,62,-7
55.113,2,296,211.7,7616,5,0,62,-8
55.252,2,304,200.6,6082,5,0,62,-9
55.4,2,312,189.4,10048,5,0,63,-10
55.557,2,320,178.3,8514,4,0,63,-10
55.723,2,328,167.1,6980,4,0,63,-11
55.902,2,336,156.0,10946,4,0,63,-12
56.093,2,344,144.8,9413,4,0,64,-13
56.3,2,352,133.7,7879,3,0,64,-14
56.525,2,360,122.5,6345,3,0,64,-15
56.771,2,368,111.4,10311,3,0,65,-16
57.043,2,376,100.2,8777,3,100,0,-17
57.331,2,384,100.2,8777,3,100,0,-17
57.603,2,392,111.4,10311,3,100,0,-16
57.849,2,400,122.5,6345,3,100,0,-15
58.074,2,408,133.7,7879,3,100,0,-14
58.281,2,416,144.8,9413,4,100,0,-13
58.473,2,424,156.0,10946,4,100,0,-12
58.651,2,432,167.1,6980,4,100,0,-11
58.818,2,440,178.3,8514,4,100,0,-10
58.974,2,448,189.4,10048,5,100,0,-10
59.122,2,456,200.6,6082,5,100,0,-9
59.262,2,464,211.7,7616,5,100,0,-8
59.394,2,472,222.9,9149,6,100,0,-7
59.52,2,480,234.1,10683,6,100,0,-6
59.64,2,488,245.2,6717,6,100,0,-5
59.755,2,496,256.4,8251,6,100,0,-4
59.865,2,504,267.5,9785,7,100,0,-3
59.971,2,512,278.7,11319,7,100,0,-2
60.072,2,520,289.8,7352,7,100,0,-1
60.169,2,528,301.0,8886,8,100,0,0
60.265,2,536,303.8,9270,8,100,0,0
60.359,2,544,303.8,9270,8,100,0,0
60.454,2,552,303.8,9270,8,100,0,0
60.549,2,560,303.8,9270,8,100,0,0
60.644,2,568,303.8,9270,8,100,0,0
60.739,2,576,303.8,9270,8,100,0,0
60.833,2,584,303.8,9270,8,100,0,0
60.928,2,592,303.8,9270,8,100,0,0
61.023,2,600,303.8,9270,8,100,0,0
61.118,2,608,303.8,9270,8,100,0,0
61.213,2,616,303.8,9270,8,100,0,0
61.308,2,624,303.8,9270,8,100,0,0
61.402,2,632,303.8,9270,8,100,0,0
61.497,2,640,303.8,9270,8,100,0,0
61.592,2,648,303.8,9270,8,100,0,0
61.687,2,656,303.8,9270,8,100,0,0
61.782,2,664,303.8,9270,8,100,0,0
61.876,2,672,303.8,9270,8,100,0,0
61.971,2,680,303.8,9270,8,100,0,0
62.066,2,688,303.8,9270,8,100,0,0
62.161,2,696,303.8,9270,8,24,24,0
62.256,2,704,298.6,8562,7,3,55,0
62.354,2,712,288.3,7147,7,3,55,-1
62.456,2,720,278.1,11232,7,3,55,-1
62.562,2,728,267.8,9817,7,3,56,-2
62.671,2,736,257.5,8402,6,3,56,-3
62.786,2,744,247.2,6986,6,3,56,-3
62.905,2,752,236.9,11071,6,2,56,-4
63.029,2,760,226.6,9656,6,2,57,-4
63.159,2,768,216.3,8241,5,2,57,-5
63.295,2,776,206.0,6826,5,2,57,-5
63.439,2,784,195.7,10911,5,2,57,-6
63.59,2,792,185.4,9496,5,2,58,-6
63.75,2,800,175.1,8080,4,1,58,-7
63.919,2,808,164.8,6665,4,1,58,-8
64.099,2,816,154.5,10750,4,100,0,-8
64.286,2,824,154.5,10750,4,100,0,-8
64.466,2,832,164.8,6665,4,100,0,-8
64.635,2,840,175.1,8080,4,100,0,-7
64.795,2,848,185.4,9496,5,100,0,-6
64.946,2,856,195.7,10911,5,100,0,-6
65.09,2,864,206.0,6826,5,100,0,-5
65.226,2,872,216.3,8241,5,100,0,-5
65.356,2,880,226.6,9656,6,100,0,-4
65.48,2,888,236.9,11071,6,100,0,-4
65.599,2,896,247.2,6986,6,100,0,-3
65.714,2,904,257.5,8402,6,100,0,-3
65.823,2,912,267.8,9817,7,100,0,-2
65.929,2,920,278.1,11232,7,100,0,-1
66.03,2,928,288.3,7147,7,100,0,-1
66.129,2,936,298.6,8562,7,100,0,0
66.224,2,944,303.8,9270,8,100,0,0
66.319,2,952,303.8,9270,8,100,0,0
66.414,2,960,303.8,9270,8,100,0,0
66.509,2,968,303.8,9270,8,100,0,0
66.603,2,976,303.8,9270,8,100,0,0
66.698,2,984,303.8,9270,8,100,0,0
66.793,2,992,303.8,9270,8,100,0,0
66.888,2,1000,303.8,9270,8,100,0,0
66.983,2,1008,303.8,9270,8,100,0,0
67.077,2,1016,303.8,9270,8,100,0,0
67.172,2,1024,303.8,9270,8,100,0,0
67.267,2,1032,303.8,9270,8,100,0,0
67.362,2,1040,303.8,9270,8,100,0,0
67.457,2,1048,303.8,9270,8,100,0,0
67.551,2,1056,303.8,9270,8,100,0,0
67.646,2,1064,303.8,9270,8,100,0,0
67.741,2,1072,303.8,9270,8,100,0,0
67.836,2,1080,303.8,9270,8,1,59,0
67.932,2,1088,292.8,7755,7,0,59,-1
68.033,2,1096,281.8,6241,7,0,60,-2
68.137,2,1104,270.7,10226,7,0,60,-3
68.246,2,1112,259.7,8712,6,0,60,-4
68.359,2,1120,248.7,7197,6,0,60,-5
68.477,2,1128,237.7,11183,6,0,61,-6
68.601,2,1136,226.7,9668,6,0,61,-7
68.732,2,1144,215.7,8154,5,0,61,-8
68.869,2,1152,204.6,6639,5,0,61,-9
69.013,2,1160,193.6,10625,5,0,62,-10
69.166,2,1168,182.6,9110,5,0,62,-11
69.329,2,1176,171.6,7596,4,0,62,-12
69.502,2,1184,160.6,6081,4,0,62,-13
69.688,2,1192,149.6,10067,4,0,63,-14
69.888,2,1200,138.6,8552,3,0,63,-15
70.104,2,1208,127.5,7038,3,0,63,-16
70.34,2,1216,116.5,11023,3,0,64,-17
70.6,2,1224,105.5,9509,3,0,64,-18
70.888,2,1232,94.5,9494,2,0,64,-19
71.211,2,1240,83.5,7980,2,0,64,-20
71.581,2,1248,72.5,11965,2,100,0,-21
71.963,2,1256,78.0,12722,2,100,0,-21
72.308,2,1264,89.0,8737,2,100,0,-20
72.613,2,1272,100.0,8751,3,100,0,-19
72.886,2,1280,111.0,10266,3,100,0,-18
73.133,2,1288,122.0,6280,3,100,0,-17
73.359,2,1296,133.1,7795,3,100,0,-16
73.567,2,1304,144.1,9309,4,100,0,-15
73.759,2,1312,155.1,10824,4,100,0,-14
73.939,2,1320,166.1,6838,4,100,0,-13
74.107,2,1328,177.1,8353,4,100,0,-12
74.264,2,1336,188.1,9867,5,100,0,-11
74.413,2,1344,199.1,11382,5,100,0,-10
74.554,2,1352,210.2,7396,5,100,0,-9
74.687,2,1360,221.2,8911,6,100,0,-8
74.814,2,1368,232.2,10425,6,100,0,-7
74.936,2,1376,243.2,6440,6,100,0,-6
75.051,2,1384,254.2,7954,6,100,0,-5
75.162,2,1392,265.2,9469,7,100,0,-4
75.269,2,1400,276.2,10983,7,100,0,-3
75.371,2,1408,287.3,6998,7,100,0,-2
75.469,2,1416,298.3,8512,7,100,0,-1
75.565,2,1424,303.8,9270,8,100,0,0
75.66,2,1432,303.8,9270,8,100,0,0
75.754,2,1440,303.8,9270,8,100,0,0
75.849,2,1448,303.8,9270,8,100,0,0
75.944,2,1456,303.8,9270,8,100,0,0
76.039,2,1464,303.8,9270,8,100,0,0
76.134,2,1472,303.8,9270,8,100,0,0
76.229,2,1480,303.8,9270,8,100,0,0
76.323,2,1488,303.8,9270,8,100,0,0
76.418,2,1496,303.8,9270,8,100,0,0
76.513,2,1504,303.8,9270,8,100,0,0
76.608,2,1512,303.8,9270,8,100,0,0
76.703,2,1520,303.8,9270,8,100,0,0
76.797,2,1528,303.8,9270,8,100,0,0
76.892,2,1536,303.8,9270,8,100,0,0
76.987,2,1544,303.8,9270,8,100,0,0
77.082,2,1552,303.8,9270,8,100,0,0
77.177,2,1560,303.8,9270,8,100,0,0
77.271,2,1568,303.8,9270,8,100,0,0
77.366,2,1576,303.8,9270,8,100,0,0
77.461,2,1584,303.8,9270,8,100,0,0
77.556,2,1592,303.8,9270,8,100,0,0
77.651,2,1600,303.8,9270,8,100,0,0
77.745,2,1608,303.8,9270,8,100,0,0
77.84,2,1616,303.8,9270,8,22,27,0
77.936,2,1624,298.1,8490,7,0,61,0
78.034,2,1632,286.8,6931,7,0,61,-1
78.137,2,1640,275.4,10872,7,0,62,-2
78.244,2,1648,264.1,9313,7,0,62,-3
78.355,2,1656,252.8,7754,6,0,62,-4
78.472,2,1664,241.4,6195,6,0,62,-5
78.594,2,1672,230.1,10135,6,0,63,-5
78.722,2,1680,218.7,8576,5,0,63,-6
78.857,2,1688,207.4,7017,5,0,63,-7
79.0,2,1696,196.1,10958,5,0,64,-8
79.151,2,1704,184.7,9399,5,0,64,-9
79.312,2,1712,173.4,7840,4,0,64,-9
79.484,2,1720,162.0,6281,4,0,64,-10
79.668,2,1728,150.7,10222,4,0,65,-11
79.867,2,1736,139.4,8662,3,0,65,-12
80.082,2,1744,128.0,7103,3,19,31,-13
80.312,2,1752,122.4,6324,3,100,0,-13
80.537,2,1760,133.7,7883,3,100,0,-12
80.744,2,1768,145.0,9442,4,100,0,-11
80.935,2,1776,156.4,11001,4,100,0,-11
81.113,2,1784,167.7,7060,4,100,0,-10
81.279,2,1792,179.1,8619,4,100,0,-9
81.435,2,1800,190.4,10179,5,100,0,-8
81.581,2,1808,201.7,6238,5,100,0,-7
81.72,2,1816,213.1,7797,5,100,0,-7
81.852,2,1824,224.4,9356,6,100,0,-6
81.977,2,1832,235.7,10915,6,100,0,-5
82.096,2,1840,247.1,6974,6,100,0,-4
82.21,2,1848,258.4,8533,6,100,0,-3
82.319,2,1856,269.8,10092,7,100,0,-2
82.424,2,1864,281.1,6152,7,100,0,-2
82.524,2,1872,292.4,7711,7,100,0,-1
82.621,2,1880,303.8,9270,8,100,0,0
82.716,2,1888,303.8,9270,8,100,0,0
82.811,2,1896,303.8,9270,8,100,0,0
82.905,2,1904,303.8,9270,8,100,0,0
83.0,2,1912,303.8,9270,8,100,0,0
83.095,2,1920,303.8,9270,8,100,0,0
83.19,2,1928,303.8,9270,8,100,0,0
83.285,2,1936,303.8,9270,8,100,0,0
83.38,2,1944,303.8,9270,8,100,0,0
83.474,2,1952,303.8,9270,8,100,0,0
83.569,2,1960,303.8,9270,8,100,0,0
83.664,2,1968,303.8,9270,8,100,0,0
83.759,2,1976,303.8,9270,8,100,0,0
83.854,2,1984,303.8,9270,8,100,0,0
83.948,2,1992,303.8,9270,8,100,0,0
84.043,2,2000,303.8,9270,8,100,0,0
84.138,2,2008,303.8,9270,8,100,0,0
84.233,2,2016,303.8,9270,8,100,0,0
84.328,2,2024,303.8,9270,8,100,0,0
84.422,2,2032,303.8,9270,8,100,0,0
84.517,2,2040,303.8,9270,8,1,58,0
84.614,2,2048,293.0,7784,7,1,58,-1
84.714,2,2056,282.2,6298,7,1,58,-2
84.818,2,2064,271.4,10312,7,1,59,-3
84.926,2,2072,260.6,8826,7,1,59,-4
85.039,2,2080,249.7,7340,6,1,59,-5
85.157,2,2088,238.9,11354,6,0,59,-6
85.28,2,2096,228.1,9868,6,0,60,-7
85.41,2,2104,217.3,8382,5,0,60,-7
85.545,2,2112,206.5,6897,5,0,60,-8
85.689,2,2120,195.7,10911,5,0,60,-9
85.84,2,2128,184.9,9425,5,0,61,-10
86.0,2,2136,174.1,7939,4,0,61,-11
86.171,2,2144,163.3,6453,4,0,61,-12
86.354,2,2152,152.5,10467,4,0,61,-13
86.549,2,2160,141.7,8981,4,0,62,-14
86.761,2,2168,130.9,7495,3,0,62,-15
86.99,2,2176,120.1,6009,3,0,62,-16
87.241,2,2184,109.3,10023,3,0,62,-17
87.519,2,2192,98.5,10038,2,0,63,-18
87.828,2,2200,87.6,8552,2,100,0,-19
88.138,2,2208,98.5,10038,2,100,0,-18
88.415,2,2216,109.3,10023,3,100,0,-17
88.666,2,2224,120.1,6009,3,100,0,-16
88.896,2,2232,130.9,7495,3,100,0,-15
89.107,2,2240,141.7,8981,4,100,0,-14
89.303,2,2248,152.5,10467,4,100,0,-13
89.485,2,2256,163.3,6453,4,100,0,-12
89.656,2,2264,174.1,7939,4,100,0,-11
89.816,2,2272,184.9,9425,5,100,0,-10
89.968,2,2280,195.7,10911,5,100,0,-9
90.111,2,2288,206.5,6897,5,100,0,-8
90.247,2,2296,217.3,8382,5,100,0,-7
90.376,2,2304,228.1,9868,6,100,0,-7
90.499,2,2312,238.9,11354,6,100,0,-6
90.617,2,2320,249.7,7340,6,100,0,-5
90.73,2,2328,260.6,8826,7,100,0,-4
90.839,2,2336,271.4,10312,7,100,0,-3
90.943,2,2344,282.2,6298,7,100,0,-2
91.043,2,2352,293.0,7784,7,100,0,-1
91.139,2,2360,303.8,9270,8,100,0,0
91.234,2,2368,303.8,9270,8,100,0,0
91.329,2,2376,303.8,9270,8,100,0,0
91.424,2,2384,303.8,9270,8,100,0,0
91.518,2,2392,303.8,9270,8,100,0,0
91.613,2,2400,303.8,9270,8,100,0,0
91.708,2,2408,303.8,9270,8,100,0,0
91.803,2,2416,303.8,9270,8,100,0,0
91.898,2,2424,303.8,9270,8,100,0,0
91.992,2,2432,303.8,9270,8,100,0,0
92.087,2,2440,303.8,9270,8,100,0,0
92.182,2,2448,303.8,9270,8,100,0,0
92.277,2,2456,303.8,9270,8,100,0,0
92.372,2,2464,303.8,9270,8,100,0,0
92.467,2,2472,303.8,9270,8,100,0,0
92.561,2,2480,303.8,9270,8,100,0,0
92.656,2,2488,303.8,9270,8,100,0,0
92.751,2,2496,303.8,9270,8,100,0,0
92.846,2,2504,303.8,9270,8,100,0,0
92.941,2,2512,303.8,9270,8,100,0,0
93.035,2,2520,303.8,9270,8,100,0,0
93.13,2,2528,303.8,9270,8,100,0,0
93.225,2,2536,303.8,9270,8,100,0,0
93.32,2,2544,303.8,9270,8,100,0,0
93.415,2,2552,303.8,9270,8,100,0,0
93.509,2,2560,303.8,9270,8,100,0,0
93.604,2,2568,303.8,9270,8,100,0,0
93.699,2,2576,303.8,9270,8,100,0,0
93.794,2,2584,303.8,9270,8,100,0,0
93.889,2,2592,303.8,9270,8,100,0,0
93.983,2,2600,303.8,9270,8,100,0,0
94.078,2,2608,303.8,9270,8,100,0,0
94.173,2,2616,303.8,9270,8,100,0,0
94.268,2,2624,303.8,9270,8,34,10,0
94.363,2,2632,301.0,8882,8,0,61,0
94.461,2,2640,289.7,7330,7,0,61,-1
94.562,2,2648,278.4,11278,7,0,61,-2
94.668,2,2656,267.1,9725,7,0,62,-2
94.778,2,2664,255.8,8173,6,0,62,-3
94.893,2,2672,244.5,6621,6,0,62,-4
95.013,2,2680,233.2,10569,6,0,62,-5
95.14,2,2688,221.9,9017,6,0,63,-5
95.273,2,2696,210.7,7465,5,0,63,-6
95.414,2,2704,199.4,11413,5,0,63,-7
95.562,2,2712,188.1,9861,5,0,63,-7
95.72,2,2720,176.8,8309,4,0,64,-8
95.888,2,2728,165.5,6757,4,0,64,-9
96.069,2,2736,154.2,10704,4,0,64,-10
96.262,2,2744,142.9,9152,4,20,31,-10
96.468,2,2752,137.3,8376,3,100,0,-11
96.669,2,2760,148.6,9928,4,100,0,-10
96.856,2,2768,159.9,11480,4,100,0,-9
97.03,2,2776,171.1,7533,4,100,0,-8
97.193,2,2784,182.4,9085,5,100,0,-8
97.346,2,2792,193.7,10637,5,100,0,-7
97.491,2,2800,205.0,6689,5,100,0,-6
97.627,2,2808,216.3,8241,5,100,0,-6
97.757,2,2816,227.6,9793,6,100,0,-5
97.881,2,2824,238.9,11345,6,100,0,-4
97.998,2,2832,250.2,7397,6,100,0,-3
98.111,2,2840,261.4,8949,7,100,0,-3
98.219,2,2848,272.7,10501,7,100,0,-2
98.322,2,2856,284.0,6554,7,100,0,-1
98.422,2,2864,295.3,8106,7,100,0,-1
98.518,2,2872,303.8,9270,8,100,0,0
98.613,2,2880,303.8,9270,8,100,0,0
98.708,2,2888,303.8,9270,8,100,0,0
98.802,2,2896,303.8,9270,8,100,0,0
98.897,2,2904,303.8,9270,8,100,0,0
98.992,2,2912,303.8,9270,8,100,0,0
99.087,2,2920,303.8,9270,8,100,0,0
99.182,2,2928,303.8,9270,8,100,0,0
99.276,2,2936,303.8,9270,8,100,0,0
99.371,2,2944,303.8,9270,8,100,0,0
99.466,2,2952,303.8,9270,8,100,0,0
99.561,2,2960,303.8,9270,8,100,0,0
99.656,2,2968,303.8,9270,8,100,0,0
99.75,2,2976,303.8,9270,8,100,0,0
99.845,2,2984,303.8,9270,8,100,0,0
99.94,2,2992,303.8,9270,8,100,0,0
100.035,2,3000,303.8,9270,8,100,0,0
100.13,2,3008,303.8,9270,8,100,0,0
100.224,2,3016,303.8,9270,8,100,0,0
100.319,2,3024,303.8,9270,8,100,0,0
100.414,2,3032,303.8,9270,8,100,0,0
100.509,2,3040,303.8,9270,8,100,0,0
100.604,2,3048,303.8,9270,8,100,0,0
100.698,2,3056,303.8,9270,8,100,0,0
100.793,2,3064,303.8,9270,8,100,0,0
100.888,2,3072,303.8,9270,8,100,0,0
100.983,2,3080,303.8,9270,8,100,0,0
101.078,2,3088,303.8,9270,8,100,0,0
101.172,2,3096,303.8,9270,8,100,0,0
101.267,2,3104,303.8,9270,8,100,0,0
101.362,2,3112,303.8,9270,8,100,0,0
101.457,2,3120,303.8,9270,8,100,0,0
101.552,2,3128,303.8,9270,8,100,0,0
101.647,2,3136,303.8,9270,8,100,0,0
101.741,2,3144,303.8,9270,8,100,0,0
101.836,2,3152,303.8,9270,8,100,0,0
101.931,2,3160,303.8,9270,8,100,0,0
102.026,2,3168,303.8,9270,8,100,0,0
102.121,2,3176,303.8,9270,8,100,0,0
102.215,2,3184,303.8,9270,8,100,0,0
102.31,2,3192,303.8,9270,8,100,0,0
102.405,2,3200,303.8,9270,8,100,0,0
102.705,3,0,305.0,9438,8,100,0,0
102.799,3,8,305.0,9438,8,100,0,0
102.894,3,16,305.0,9438,8,100,0,0
102.988,3,24,305.0,9438,8,100,0,0
103.083,3,32,305.0,9438,8,100,0,0
103.177,3,40,305.0,9438,8,100,0,0
103.272,3,48,305.0,9438,8,100,0,0
103.366,3,56,305.0,9438,8,100,0,0
103.46,3,64,305.0,9438,8,100,0,0
103.555,3,72,305.0,9438,8,100,0,0
103.649,3,80,305.0,9438,8,100,0,0
103.744,3,88,305.0,9438,8,100,0,0
103.838,3,96,305.0,9438,8,100,0,0
103.933,3,104,305.0,9438,8,100,0,0
104.027,3,112,305.0,9438,8,100,0,0
104.121,3,120,305.0,9438,8,100,0,0
104.216,3,128,305.0,9438,8,100,0,0
104.31,3,136,305.0,9438,8,100,0,0
104.405,3,144,305.0,9438,8,100,0,0
104.499,3,152,305.0,9438,8,100,0,0
104.594,3,160,305.0,9438,8,100,0,0
104.688,3,168,305.0,9438,8,100,0,0
104.782,3,176,305.0,9438,8,100,0,0
104.877,3,184,305.0,9438,8,100,0,0
104.971,3,192,305.0,9438,8,100,0,0
105.066,3,200,305.0,9438,8,100,0,0
105.16,3,208,305.0,9438,8,100,0,0
105.255,3,216,305.0,9438,8,100,0,0
105.349,3,224,305.0,9438,8,29,17,0
105.444,3,232,302.2,9053,8,0,67,0
105.541,3,240,291.0,7512,7,0,67,-1
105.642,3,248,279.8,11473,7,0,67,-2
105.747,3,256,268.6,9933,7,0,67,-3
105.856,3,264,257.4,8392,6,0,67,-4
105.971,3,272,246.2,6852,6,0,67,-5
106.09,3,280,235.0,10812,6,0,67,-6
106.216,3,288,223.8,9272,6,0,67,-7
106.348,3,296,212.6,7733,5,0,67,-8
106.487,3,304,201.4,6193,5,0,67,-9
106.634,3,312,190.2,10152,5,0,67,-10
106.79,3,320,179.0,8612,4,0,67,-10
106.956,3,328,167.8,7073,4,0,67,-11
107.134,3,336,156.6,11032,4,0,67,-12
107.325,3,344,145.4,9492,4,0,67,-13
107.531,3,352,134.2,7952,3,0,67,-14
107.755,3,360,123.0,6412,3,0,67,-15
108.0,3,368,111.8,10372,3,0,67,-16
108.271,3,376,100.6,8832,3,100,0,-17
108.557,3,384,100.6,8832,3,100,0,-17
108.828,3,392,111.8,10372,3,100,0,-16
109.074,3,400,123.0,6412,3,100,0,-15
109.298,3,408,134.2,7952,3,100,0,-14
109.504,3,416,145.4,9492,4,100,0,-13
109.694,3,424,156.6,11032,4,100,0,-12
109.872,3,432,167.8,7073,4,100,0,-11
110.038,3,440,179.0,8612,4,100,0,-10
110.194,3,448,190.2,10152,5,100,0,-10
110.341,3,456,201.4,6193,5,100,0,-9
110.48,3,464,212.6,7733,5,100,0,-8
110.612,3,472,223.8,9272,6,100,0,-7
110.738,3,480,235.0,10812,6,100,0,-6
110.858,3,488,246.2,6852,6,100,0,-5
110.972,3,496,257.4,8392,6,100,0,-4
111.081,3,504,268.6,9933,7,100,0,-3
111.187,3,512,279.8,11473,7,100,0,-2
111.287,3,520,291.0,7512,7,100,0,-1
111.385,3,528,302.2,9053,8,100,0,0
111.479,3,536,305.0,9438,8,100,0,0
111.574,3,544,305.0,9438,8,100,0,0
111.668,3,552,305.0,9438,8,100,0,0
111.763,3,560,305.0,9438,8,100,0,0
111.857,3,568,305.0,9438,8,100,0,0
111.952,3,576,305.0,9438,8,100,0,0
112.046,3,584,305.0,9438,8,100,0,0
112.14,3,592,305.0,9438,8,100,0,0
112.235,3,600,305.0,9438,8,100,0,0
112.329,3,608,305.0,9438,8,100,0,0
112.424,3,616,305.0,9438,8,100,0,0
112.518,3,624,305.0,9438,8,100,0,0
112.613,3,632,305.0,9438,8,100,0,0
112.707,3,640,305.0,9438,8,100,0,0
112.801,3,648,305.0,9438,8,100,0,0
112.896,3,656,305.0,9438,8,100,0,0
112.99,3,664,305.0,9438,8,100,0,0
113.085,3,672,305.0,9438,8,100,0,0
113.179,3,680,305.0,9438,8,100,0,0
113.274,3,688,305.0,9438,8,100,0,0
113.368,3,696,305.0,9438,8,19,31,0
113.463,3,704,299.8,8727,7,0,62,0
113.561,3,712,289.5,7306,7,0,62,-1
113.662,3,720,279.2,11385,7,0,62,-1
113.767,3,728,268.8,9965,7,0,62,-2
113.877,3,736,258.5,8544,6,0,62,-3
113.99,3,744,248.2,7123,6,0,62,-3
114.109,3,752,237.8,11202,6,0,62,-4
114.233,3,760,227.5,9781,6,0,62,-4
114.362,3,768,217.2,8360,5,0,62,-5
114.498,3,776,206.8,6940,5,0,62,-5
114.641,3,784,196.5,11019,5,0,62,-6
114.791,3,792,186.2,9598,5,0,62,-6
114.95,3,800,175.8,8177,4,0,62,-7
115.119,3,808,165.5,6756,4,0,62,-8
115.299,3,816,155.2,10835,4,100,0,-8
115.484,3,824,155.2,10835,4,100,0,-8
115.664,3,832,165.5,6756,4,100,0,-8
115.833,3,840,175.8,8177,4,100,0,-7
115.992,3,848,186.2,9598,5,100,0,-6
116.142,3,856,196.5,11019,5,100,0,-6
116.285,3,864,206.8,6940,5,100,0,-5
116.421,3,872,217.2,8360,5,100,0,-5
116.551,3,880,227.5,9781,6,100,0,-4
116.674,3,888,237.8,11202,6,100,0,-4
116.793,3,896,248.2,7123,6,100,0,-3
116.907,3,904,258.5,8544,6,100,0,-3
117.016,3,912,268.8,9965,7,100,0,-2
117.121,3,920,279.2,11385,7,100,0,-1
117.222,3,928,289.5,7306,7,100,0,-1
117.32,3,936,299.8,8727,7,100,0,0
117.415,3,944,305.0,9438,8,100,0,0
117.51,3,952,305.0,9438,8,100,0,0
117.604,3,960,305.0,9438,8,100,0,0
117.698,3,968,305.0,9438,8,100,0,0
117.793,3,976,305.0,9438,8,100,0,0
117.887,3,984,305.0,9438,8,100,0,0
117.982,3,992,305.0,9438,8,100,0,0
118.076,3,1000,305.0,9438,8,100,0,0
118.171,3,1008,305.0,9438,8,100,0,0
118.265,3,1016,305.0,9438,8,100,0,0
118.359,3,1024,305.0,9438,8,100,0,0
118.454,3,1032,305.0,9438,8,100,0,0
118.548,3,1040,305.0,9438,8,100,0,0
118.643,3,1048,305.0,9438,8,100,0,0
118.737,3,1056,305.0,9438,8,100,0,0
118.832,3,1064,305.0,9438,8,100,0,0
118.926,3,1072,305.0,9438,8,100,0,0
119.02,3,1080,305.0,9438,8,0,66,0
119.117,3,1088,293.9,7917,7,0,66,-1
119.216,3,1096,282.9,6396,7,0,66,-2
119.32,3,1104,271.8,10376,7,0,66,-3
119.428,3,1112,260.8,8855,7,0,66,-4
119.541,3,1120,249.7,7335,6,0,66,-5
119.659,3,1128,238.6,11314,6,0,66,-6
119.783,3,1136,227.6,9793,6,0,66,-7
119.912,3,1144,216.5,8273,5,0,66,-8
120.049,3,1152,205.5,6752,5,0,66,-9
120.193,3,1160,194.4,10732,5,0,66,-10
120.345,3,1168,183.4,9211,5,0,66,-11
120.507,3,1176,172.3,7690,4,0,66,-12
120.68,3,1184,161.2,6170,4,0,66,-13
120.865,3,1192,150.2,10149,4,0,66,-14
121.064,3,1200,139.1,8629,3,0,66,-15
121.28,3,1208,128.1,7108,3,0,66,-16
121.515,3,1216,117.0,11088,3,0,66,-17
121.773,3,1224,105.9,9567,3,0,66,-18
122.06,3,1232,94.9,9546,2,0,66,-19
122.382,3,1240,83.8,8026,2,0,66,-20
122.75,3,1248,72.8,12005,2,100,0,-21
123.131,3,1256,78.3,12765,2,100,0,-21
123.475,3,1264,89.4,8786,2,100,0,-20
123.779,3,1272,100.4,8807,3,100,0,-19
124.05,3,1280,111.5,10327,3,100,0,-18
124.297,3,1288,122.5,6348,3,100,0,-17
124.521,3,1296,133.6,7868,3,100,0,-16
124.728,3,1304,144.6,9389,4,100,0,-15
124.92,3,1312,155.7,10910,4,100,0,-14
125.099,3,1320,166.8,6930,4,100,0,-13
125.266,3,1328,177.8,8451,4,100,0,-12
125.423,3,1336,188.9,9971,5,100,0,-11
125.571,3,1344,199.9,11492,5,100,0,-10
125.711,3,1352,211.0,7512,5,100,0,-9
125.844,3,1360,222.1,9033,6,100,0,-8
125.971,3,1368,233.1,10554,6,100,0,-7
126.092,3,1376,244.2,6574,6,100,0,-6
126.207,3,1384,255.2,8095,6,100,0,-5
126.317,3,1392,266.3,9615,7,100,0,-4
126.423,3,1400,277.4,11136,7,100,0,-3
126.525,3,1408,288.4,7157,7,100,0,-2
126.623,3,1416,299.5,8677,7,100,0,-1
126.718,3,1424,305.0,9438,8,100,0,0
126.813,3,1432,305.0,9438,8,100,0,0
126.907,3,1440,305.0,9438,8,100,0,0
127.002,3,1448,305.0,9438,8,100,0,0
127.096,3,1456,305.0,9438,8,100,0,0
127.191,3,1464,305.0,9438,8,100,0,0
127.285,3,1472,305.0,9438,8,100,0,0
127.379,3,1480,305.0,9438,8,100,0,0
127.474,3,1488,305.0,9438,8,100,0,0
127.568,3,1496,305.0,9438,8,100,0,0
127.663,3,1504,305.0,9438,8,100,0,0
127.757,3,1512,305.0,9438,8,100,0,0
127.852,3,1520,305.0,9438,8,100,0,0
127.946,3,1528,305.0,9438,8,100,0,0
128.04,3,1536,305.0,9438,8,100,0,0
128.135,3,1544,305.0,9438,8,100,0,0
128.229,3,1552,305.0,9438,8,100,0,0
128.324,3,1560,305.0,9438,8,100,0,0
128.418,3,1568,305.0,9438,8,100,0,0
128.513,3,1576,305.0,9438,8,100,0,0
128.607,3,1584,305.0,9438,8,100,0,0
128.701,3,1592,305.0,9438,8,100,0,0
128.796,3,1600,305.0,9438,8,100,0,0
128.89,3,1608,305.0,9438,8,100,0,0
128.985,3,1616,305.0,9438,8,17,34,0
129.08,3,1624,299.3,8655,7,0,68,0
129.178,3,1632,287.9,7089,7,0,68,-1
129.28,3,1640,276.5,11024,7,0,68,-2
129.386,3,1648,265.2,9459,7,0,68,-3
129.497,3,1656,253.8,7893,6,0,68,-4
129.614,3,1664,242.4,6328,6,0,68,-5
129.735,3,1672,231.0,10262,6,0,68,-5
129.863,3,1680,219.6,8697,5,0,68,-6
129.998,3,1688,208.2,7132,5,0,68,-7
130.14,3,1696,196.8,11066,5,0,68,-8
130.291,3,1704,185.5,9501,5,0,68,-9
130.451,3,1712,174.1,7936,4,0,68,-9
130.622,3,1720,162.7,6370,4,0,68,-10
130.805,3,1728,151.3,10305,4,0,68,-11
131.003,3,1736,139.9,8739,3,0,68,-12
131.218,3,1744,128.5,7174,3,17,34,-13
131.447,3,1752,122.8,6391,3,100,0,-13
131.671,3,1760,134.2,7957,3,100,0,-12
131.877,3,1768,145.6,9522,4,100,0,-11
132.067,3,1776,157.0,11088,4,100,0,-11
132.244,3,1784,168.4,7153,4,100,0,-10
132.409,3,1792,179.8,8718,4,100,0,-9
132.565,3,1800,191.2,10284,5,100,0,-8
132.711,3,1808,202.5,6349,5,100,0,-7
132.849,3,1816,213.9,7914,5,100,0,-7
132.98,3,1824,225.3,9480,6,100,0,-6
133.105,3,1832,236.7,11045,6,100,0,-5
133.224,3,1840,248.1,7111,6,100,0,-4
133.337,3,1848,259.5,8676,6,100,0,-3
133.446,3,1856,270.8,10241,7,100,0,-2
133.55,3,1864,282.2,6307,7,100,0,-2
133.65,3,1872,293.6,7872,7,100,0,-1
133.746,3,1880,305.0,9438,8,100,0,0
133.841,3,1888,305.0,9438,8,100,0,0
133.935,3,1896,305.0,9438,8,100,0,0
134.03,3,1904,305.0,9438,8,100,0,0
134.124,3,1912,305.0,9438,8,100,0,0
134.219,3,1920,305.0,9438,8,100,0,0
134.313,3,1928,305.0,9438,8,100,0,0
134.407,3,1936,305.0,9438,8,100,0,0
134.502,3,1944,305.0,9438,8,100,0,0
134.596,3,1952,305.0,9438,8,100,0,0
134.691,3,1960,305.0,9438,8,100,0,0
134.785,3,1968,305.0,9438,8,100,0,0
134.88,3,1976,305.0,9438,8,100,0,0
134.974,3,1984,305.0,9438,8,100,0,0
135.068,3,1992,305.0,9438,8,100,0,0
135.163,3,2000,305.0,9438,8,100,0,0
135.257,3,2008,305.0,9438,8,100,0,0
135.352,3,2016,305.0,9438,8,100,0,0
135.446,3,2024,305.0,9438,8,100,0,0
135.54,3,2032,305.0,9438,8,100,0,0
135.635,3,2040,305.0,9438,8,0,65,0
135.731,3,2048,294.1,7946,7,0,65,-1
135.831,3,2056,283.3,6454,7,0,65,-2
135.934,3,2064,272.4,10462,7,0,65,-3
136.042,3,2072,261.6,8970,7,0,65,-4
136.155,3,2080,250.8,7478,6,0,65,-5
136.272,3,2088,239.9,11486,6,0,65,-6
136.395,3,2096,229.1,9994,6,0,65,-7
136.524,3,2104,218.2,8502,5,0,65,-7
136.659,3,2112,207.4,7011,5,0,65,-8
136.802,3,2120,196.5,11019,5,0,65,-9
136.952,3,2128,185.6,9527,5,0,65,-10
137.112,3,2136,174.8,8035,4,0,65,-11
137.282,3,2144,163.9,6543,4,0,65,-12
137.464,3,2152,153.1,10551,4,0,65,-13
137.659,3,2160,142.2,9059,4,0,65,-14
137.869,3,2168,131.4,7567,3,0,65,-15
138.098,3,2176,120.6,6076,3,0,65,-16
138.348,3,2184,109.7,10084,3,0,65,-17
138.624,3,2192,98.9,10092,2,0,65,-18
138.933,3,2200,88.0,8600,2,100,0,-19
139.241,3,2208,98.9,10092,2,100,0,-18
139.517,3,2216,109.7,10084,3,100,0,-17
139.767,3,2224,120.6,6076,3,100,0,-16
139.996,3,2232,131.4,7567,3,100,0,-15
140.206,3,2240,142.2,9059,4,100,0,-14
140.401,3,2248,153.1,10551,4,100,0,-13
140.583,3,2256,163.9,6543,4,100,0,-12
140.753,3,2264,174.8,8035,4,100,0,-11
140.913,3,2272,185.6,9527,5,100,0,-10
141.064,3,2280,196.5,11019,5,100,0,-9
141.206,3,2288,207.4,7011,5,100,0,-8
141.342,3,2296,218.2,8502,5,100,0,-7
141.47,3,2304,229.1,9994,6,100,0,-7
141.593,3,2312,239.9,11486,6,100,0,-6
141.711,3,2320,250.8,7478,6,100,0,-5
141.823,3,2328,261.6,8970,7,100,0,-4
141.931,3,2336,272.4,10462,7,100,0,-3
142.035,3,2344,283.3,6454,7,100,0,-2
142.134,3,2352,294.1,7946,7,100,0,-1
142.23,3,2360,305.0,9438,8,100,0,0
142.325,3,2368,305.0,9438,8,100,0,0
142.419,3,2376,305.0,9438,8,100,0,0
142.514,3,2384,305.0,9438,8,100,0,0
142.608,3,2392,305.0,9438,8,100,0,0
142.703,3,2400,305.0,9438,8,100,0,0
142.797,3,2408,305.0,9438,8,100,0,0
142.891,3,2416,305.0,9438,8,100,0,0
142.986,3,2424,305.0,9438,8,100,0,0
143.08,3,2432,305.0,9438,8,100,0,0
143.175,3,2440,305.0,9438,8,100,0,0
143.269,3,2448,305.0,9438,8,100,0,0
143.364,3,2456,305.0,9438,8,100,0,0
143.458,3,2464,305.0,9438,8,100,0,0
143.552,3,2472,305.0,9438,8,100,0,0
143.647,3,2480,305.0,9438,8,100,0,0
143.741,3,2488,305.0,9438,8,100,0,0
143.836,3,2496,305.0,9438,8,100,0,0
143.93,3,2504,305.0,9438,8,100,0,0
144.025,3,2512,305.0,9438,8,100,0,0
144.119,3,2520,305.0,9438,8,100,0,0
144.213,3,2528,305.0,9438,8,100,0,0
144.308,3,2536,305.0,9438,8,100,0,0
144.402,3,2544,305.0,9438,8,100,0,0
144.497,3,2552,305.0,9438,8,100,0,0
144.591,3,2560,305.0,9438,8,100,0,0
144.686,3,2568,305.0,9438,8,100,0,0
144.78,3,2576,305.0,9438,8,100,0,0
144.874,3,2584,305.0,9438,8,100,0,0
144.969,3,2592,305.0,9438,8,100,0,0
145.063,3,2600,305.0,9438,8,100,0,0
145.158,3,2608,305.0,9438,8,100,0,0
145.252,3,2616,305.0,9438,8,100,0,0
145.347,3,2624,305.0,9438,8,29,17,0
145.441,3,2632,302.2,9048,8,0,68,0
145.539,3,2640,290.8,7490,7,0,68,-1
145.64,3,2648,279.5,11431,7,0,68,-2
145.745,3,2656,268.2,9873,7,0,68,-2
145.854,3,2664,256.8,8315,6,0,68,-3
145.969,3,2672,245.5,6756,6,0,68,-4
146.089,3,2680,234.2,10698,6,0,68,-5
146.215,3,2688,222.8,9140,6,0,68,-5
146.348,3,2696,211.5,7581,5,0,68,-6
146.488,3,2704,200.2,6023,5,0,68,-7
146.636,3,2712,188.8,9965,5,0,68,-7
146.793,3,2720,177.5,8406,4,0,68,-8
146.961,3,2728,166.2,6848,4,0,68,-9
147.14,3,2736,154.8,10790,4,0,68,-10
147.333,3,2744,143.5,9231,4,17,34,-10
147.538,3,2752,137.8,8452,3,100,0,-11
147.739,3,2760,149.2,10010,4,100,0,-10
147.925,3,2768,160.5,6069,4,100,0,-9
148.098,3,2776,171.8,7627,4,100,0,-8
148.26,3,2784,183.2,9185,5,100,0,-8
148.413,3,2792,194.5,10744,5,100,0,-7
148.557,3,2800,205.8,6802,5,100,0,-6
148.693,3,2808,217.2,8360,5,100,0,-6
148.822,3,2816,228.5,9919,6,100,0,-5
148.945,3,2824,239.8,11477,6,100,0,-4
149.062,3,2832,251.2,7535,6,100,0,-3
149.174,3,2840,262.5,9094,7,100,0,-3
149.282,3,2848,273.8,10652,7,100,0,-2
149.385,3,2856,285.2,6710,7,100,0,-1
149.484,3,2864,296.5,8269,7,100,0,-1
149.58,3,2872,305.0,9438,8,100,0,0
149.674,3,2880,305.0,9438,8,100,0,0
149.769,3,2888,305.0,9438,8,100,0,0
149.863,3,2896,305.0,9438,8,100,0,0
149.957,3,2904,305.0,9438,8,100,0,0
150.052,3,2912,305.0,9438,8,100,0,0
150.146,3,2920,305.0,9438,8,100,0,0
150.241,3,2928,305.0,9438,8,100,0,0
150.335,3,2936,305.0,9438,8,100,0,0
150.43,3,2944,305.0,9438,8,100,0,0
150.524,3,2952,305.0,9438,8,100,0,0
150.618,3,2960,305.0,9438,8,100,0,0
150.713,3,2968,305.0,9438,8,100,0,0
150.807,3,2976,305.0,9438,8,100,0,0
150.902,3,2984,305.0,9438,8,100,0,0
150.996,3,2992,305.0,9438,8,100,0,0
151.09,3,3000,305.0,9438,8,100,0,0
151.185,3,3008,305.0,9438,8,100,0,0
151.279,3,3016,305.0,9438,8,100,0,0
151.374,3,3024,305.0,9438,8,100,0,0
151.468,3,3032,305.0,9438,8,100,0,0
151.563,3,3040,305.0,9438,8,100,0,0
151.657,3,3048,305.0,9438,8,100,0,0
151.751,3,3056,305.0,9438,8,100,0,0
151.846,3,3064,305.0,9438,8,100,0,0
151.94,3,3072,305.0,9438,8,100,0,0
152.035,3,3080,305.0,9438,8,100,0,0
152.129,3,3088,305.0,9438,8,100,0,0
152.224,3,3096,305.0,9438,8,100,0,0
152.318,3,3104,305.0,9438,8,100,0,0
152.412,3,3112,305.0,9438,8,100,0,0
152.507,3,3120,305.0,9438,8,100,0,0
152.601,3,3128,305.0,9438,8,100,0,0
152.696,3,3136,305.0,9438,8,100,0,0
152.79,3,3144,305.0,9438,8,100,0,0
152.885,3,3152,305.0,9438,8,100,0,0
152.979,3,3160,305.0,9438,8,100,0,0
153.073,3,3168,305.0,9438,8,100,0,0
153.168,3,3176,305.0,9438,8,100,0,0
153.262,3,3184,305.0,9438,8,100,0,0
153.357,3,3192,305.0,9438,8,100,0,0
153.451,3,3200,305.0,9438,8,100,0,0
153.751,4,0,306.2,9605,8,35,7,0
153.845,4,8,306.2,9605,8,35,7,0
153.939,4,16,306.2,9605,8,35,7,0
154.033,4,24,306.2,9605,8,35,7,0
154.127,4,32,306.2,9605,8,35,7,0
154.221,4,40,306.2,9605,8,35,7,0
154.315,4,48,306.2,9605,8,35,7,0
154.409,4,56,306.2,9605,8,35,7,0
154.503,4,64,306.2,9605,8,35,7,0
154.597,4,72,306.2,9605,8,35,7,0
154.692,4,80,306.2,9605,8,35,7,0
154.786,4,88,306.2,9605,8,35,7,0
154.88,4,96,306.2,9605,8,35,7,0
154.974,4,104,306.2,9605,8,35,7,0
155.068,4,112,306.2,9605,8,35,7,0
155.162,4,120,306.2,9605,8,35,7,0
155.256,4,128,306.2,9605,8,35,7,0
155.35,4,136,306.2,9605,8,35,7,0
155.444,4,144,306.2,9605,8,35,7,0
155.538,4,152,306.2,9605,8,35,7,0
155.632,4,160,306.2,9605,8,35,7,0
155.726,4,168,306.2,9605,8,35,7,0
155.82,4,176,306.2,9605,8,35,7,0
155.914,4,184,306.2,9605,8,35,7,0
156.008,4,192,306.2,9605,8,35,7,0
156.102,4,200,306.2,9605,8,35,7,0
156.196,4,208,306.2,9605,8,35,7,0
156.29,4,216,306.2,9605,8,35,7,0
156.384,4,224,306.2,9605,8,24,24,0
156.479,4,232,303.4,9219,8,0,74,0
156.576,4,240,292.2,7673,7,0,74,-1
156.676,4,248,280.9,6126,7,0,74,-2
156.781,4,256,269.7,10080,7,0,74,-3
156.89,4,264,258.4,8534,6,0,73,-4
157.004,4,272,247.2,6988,6,0,73,-5
157.123,4,280,235.9,10942,6,0,73,-6
157.248,4,288,224.7,9396,6,0,73,-7
157.379,4,296,213.5,7849,5,0,72,-8
157.518,4,304,202.2,6303,5,0,72,-9
157.665,4,312,191.0,10257,5,0,72,-10
157.82,4,320,179.7,8711,4,0,71,-10
157.985,4,328,168.5,7165,4,0,71,-11
158.162,4,336,157.2,11119,4,0,71,-12
158.352,4,344,146.0,9572,4,0,71,-13
158.557,4,352,134.7,8026,3,0,70,-14
158.78,4,360,123.5,6480,3,0,70,-15
159.025,4,368,112.2,10434,3,0,70,-16
159.295,4,376,101.0,8888,3,100,0,-17
159.58,4,384,101.0,8888,3,100,0,-17
159.85,4,392,112.2,10434,3,100,0,-16
160.094,4,400,123.5,6480,3,100,0,-15
160.317,4,408,134.7,8026,3,100,0,-14
160.523,4,416,146.0,9572,4,100,0,-13
160.713,4,424,157.2,11119,4,100,0,-12
160.89,4,432,168.5,7165,4,100,0,-11
161.055,4,440,179.7,8711,4,100,0,-10
161.21,4,448,191.0,10257,5,100,0,-10
161.357,4,456,202.2,6303,5,100,0,-9
161.495,4,464,213.5,7849,5,100,0,-8
161.627,4,472,224.7,9396,6,100,0,-7
161.752,4,480,235.9,10942,6,100,0,-6
161.871,4,488,247.2,6988,6,100,0,-5
161.985,4,496,258.4,8534,6,100,0,-4
162.094,4,504,269.7,10080,7,100,0,-3
162.199,4,512,280.9,6126,7,100,0,-2
162.299,4,520,292.2,7673,7,100,0,-1
162.396,4,528,303.4,9219,8,100,0,0
162.49,4,536,306.2,9605,8,35,7,0
162.584,4,544,306.2,9605,8,35,7,0
162.679,4,552,306.2,9605,8,35,7,0
162.773,4,560,306.2,9605,8,35,7,0
162.867,4,568,306.2,9605,8,35,7,0
162.961,4,576,306.2,9605,8,35,7,0
163.055,4,584,306.2,9605,8,35,7,0
163.149,4,592,306.2,9605,8,35,7,0
163.243,4,600,306.2,9605,8,35,7,0
163.337,4,608,306.2,9605,8,35,7,0
163.431,4,616,306.2,9605,8,35,7,0
163.525,4,624,306.2,9605,8,35,7,0
163.619,4,632,306.2,9605,8,35,7,0
163.713,4,640,306.2,9605,8,35,7,0
163.807,4,648,306.2,9605,8,35,7,0
163.901,4,656,306.2,9605,8,35,7,0
163.995,4,664,306.2,9605,8,35,7,0
164.089,4,672,306.2,9605,8,35,7,0
164.183,4,680,306.2,9605,8,35,7,0
164.277,4,688,306.2,9605,8,35,7,0
164.371,4,696,306.2,9605,8,14,38,0
164.466,4,704,301.0,8892,8,0,69,0
164.564,4,712,290.7,7465,7,0,69,-1
164.665,4,720,280.3,6039,7,0,69,-1
164.769,4,728,269.9,10112,7,0,68,-2
164.878,4,736,259.5,8686,6,0,68,-3
164.991,4,744,249.2,7259,6,0,68,-3
165.109,4,752,238.8,11333,6,0,68,-4
165.233,4,760,228.4,9906,6,0,67,-4
165.362,4,768,218.0,8480,5,0,67,-5
165.497,4,776,207.7,7053,5,0,67,-5
165.639,4,784,197.3,11127,5,0,67,-6
165.789,4,792,186.9,9700,5,0,66,-6
165.948,4,800,176.5,8274,4,0,66,-7
166.116,4,808,166.2,6847,4,0,66,-8
166.295,4,816,155.8,10921,4,100,0,-8
166.479,4,824,155.8,10921,4,100,0,-8
166.658,4,832,166.2,6847,4,100,0,-8
166.826,4,840,176.5,8274,4,100,0,-7
166.985,4,848,186.9,9700,5,100,0,-6
167.135,4,856,197.3,11127,5,100,0,-6
167.277,4,864,207.7,7053,5,100,0,-5
167.412,4,872,218.0,8480,5,100,0,-5
167.541,4,880,228.4,9906,6,100,0,-4
167.665,4,888,238.8,11333,6,100,0,-4
167.783,4,896,249.2,7259,6,100,0,-3
167.896,4,904,259.5,8686,6,100,0,-3
168.005,4,912,269.9,10112,7,100,0,-2
168.109,4,920,280.3,6039,7,100,0,-1
168.21,4,928,290.7,7465,7,100,0,-1
168.308,4,936,301.0,8892,8,100,0,0
168.403,4,944,306.2,9605,8,35,7,0
168.497,4,952,306.2,9605,8,35,7,0
168.591,4,960,306.2,9605,8,35,7,0
168.685,4,968,306.2,9605,8,35,7,0
168.779,4,976,306.2,9605,8,35,7,0
168.873,4,984,306.2,9605,8,35,7,0
168.976,4,992,251.1,7526,6,60,45,0
169.091,4,1000,251.1,7526,6,60,45,0
169.206,4,1008,251.1,7526,6,60,45,0
169.32,4,1016,251.1,7526,6,60,45,0
169.435,4,1024,251.1,7526,6,60,45,0
169.55,4,1032,251.1,7526,6,60,45,0
169.664,4,1040,251.1,7526,6,60,45,0
169.779,4,1048,251.1,7526,6,60,45,0
169.894,4,1056,251.1,7526,6,60,45,0
170.008,4,1064,251.1,7526,6,60,45,0
170.123,4,1072,251.1,7526,6,60,45,0
170.238,4,1080,251.1,7526,6,60,45,0
170.355,4,1088,242.0,6274,6,60,45,-1
170.476,4,1096,232.9,10523,6,60,45,-2
170.602,4,1104,223.8,9271,6,60,45,-3
170.733,4,1112,214.7,8019,5,60,45,-4
170.87,4,1120,205.6,6767,5,60,45,-5
171.014,4,1128,196.5,11015,5,60,45,-6
171.164,4,1136,187.4,9763,5,60,45,-7
171.321,4,1144,178.3,8511,4,60,45,-8
171.487,4,1152,169.2,7259,4,60,45,-9
171.662,4,1160,160.1,6008,4,60,45,-10
171.847,4,1168,151.0,10256,4,60,45,-11
172.044,4,1176,141.8,9004,4,60,45,-12
172.254,4,1184,132.7,7752,3,60,45,-13
172.478,4,1192,123.6,6500,3,60,45,-14
172.72,4,1200,114.5,10748,3,60,45,-15
172.982,4,1208,105.4,9496,3,60,45,-16
173.268,4,1216,96.3,9745,2,60,45,-17
173.581,4,1224,87.2,8493,2,60,45,-18
173.93,4,1232,78.1,12741,2,60,45,-19
174.321,4,1240,69.0,11489,2,60,45,-20
174.768,4,1248,59.9,10237,2,60,45,-21
175.209,4,1256,70.7,11728,2,75,0,-21
175.589,4,1264,80.7,7602,2,75,0,-20
175.925,4,1272,90.7,8976,2,75,0,-19
176.226,4,1280,100.7,8850,3,75,0,-18
176.498,4,1288,110.7,10224,3,75,0,-17
176.747,4,1296,120.7,6098,3,75,0,-16
176.976,4,1304,130.7,7472,3,75,0,-15
177.189,4,1312,140.7,8846,4,75,0,-14
177.386,4,1320,150.7,10220,4,75,0,-13
177.571,4,1328,160.7,6094,4,75,0,-12
177.745,4,1336,170.7,7468,4,75,0,-11
177.909,4,1344,180.7,8842,5,75,0,-10
178.064,4,1352,190.7,10216,5,75,0,-9
178.211,4,1360,200.7,6090,5,75,0,-8
178.351,4,1368,210.6,7464,5,75,0,-7
178.485,4,1376,220.6,8838,6,75,0,-6
178.613,4,1384,230.6,10212,6,75,0,-5
178.735,4,1392,240.6,6086,6,75,0,-4
178.852,4,1400,250.6,7460,6,75,0,-3
178.965,4,1408,260.6,8834,7,75,0,-2
179.073,4,1416,270.6,10208,7,75,0,-1
179.179,4,1424,275.6,10895,7,75,0,0
179.283,4,1432,275.6,10895,7,75,0,0
179.388,4,1440,275.6,10895,7,75,0,0
179.492,4,1448,275.6,10895,7,75,0,0
179.591,4,1456,306.2,9605,8,35,7,0
179.685,4,1464,306.2,9605,8,35,7,0
179.779,4,1472,306.2,9605,8,35,7,0
179.873,4,1480,306.2,9605,8,35,7,0
179.967,4,1488,306.2,9605,8,35,7,0
180.061,4,1496,306.2,9605,8,35,7,0
180.155,4,1504,306.2,9605,8,35,7,0
180.25,4,1512,306.2,9605,8,35,7,0
180.344,4,1520,306.2,9605,8,35,7,0
180.438,4,1528,306.2,9605,8,35,7,0
180.532,4,1536,306.2,9605,8,35,7,0
180.626,4,1544,306.2,9605,8,35,7,0
180.72,4,1552,306.2,9605,8,35,7,0
180.814,4,1560,306.2,9605,8,35,7,0
180.908,4,1568,306.2,9605,8,35,7,0
181.002,4,1576,306.2,9605,8,35,7,0
181.096,4,1584,306.2,9605,8,35,7,0
181.19,4,1592,306.2,9605,8,35,7,0
181.284,4,1600,306.2,9605,8,35,7,0
181.378,4,1608,306.2,9605,8,35,7,0
181.472,4,1616,306.2,9605,8,12,41,0
181.567,4,1624,300.5,8819,8,0,75,0
181.665,4,1632,289.1,7248,7,0,75,-1
181.766,4,1640,277.6,11176,7,0,75,-2
181.872,4,1648,266.2,9604,7,0,75,-3
181.983,4,1656,254.8,8033,6,0,74,-4
182.099,4,1664,243.4,6461,6,0,74,-5
182.22,4,1672,231.9,10390,6,0,74,-5
182.347,4,1680,220.5,8818,6,0,74,-6
182.481,4,1688,209.1,7246,5,0,73,-7
182.623,4,1696,197.6,11175,5,0,73,-8
182.773,4,1704,186.2,9603,5,0,73,-9
182.932,4,1712,174.8,8031,4,0,72,-9
183.103,4,1720,163.3,6460,4,0,72,-10
183.285,4,1728,151.9,10388,4,0,72,-11
183.482,4,1736,140.5,8816,4,0,72,-12
183.696,4,1744,129.1,7245,3,15,37,-13
183.924,4,1752,123.3,6459,3,100,0,-13
184.148,4,1760,134.8,8031,3,100,0,-12
184.353,4,1768,146.2,9602,4,100,0,-11
184.542,4,1776,157.6,11174,4,100,0,-11
184.718,4,1784,169.1,7245,4,100,0,-10
184.883,4,1792,180.5,8817,5,100,0,-9
185.038,4,1800,191.9,10389,5,100,0,-8
185.184,4,1808,203.3,6460,5,100,0,-7
185.321,4,1816,214.8,8032,5,100,0,-7
185.452,4,1824,226.2,9604,6,100,0,-6
185.576,4,1832,237.6,11175,6,100,0,-5
185.695,4,1840,249.1,7247,6,100,0,-4
185.808,4,1848,260.5,8819,7,100,0,-3
185.916,4,1856,271.9,10390,7,100,0,-2
186.019,4,1864,283.4,6462,7,100,0,-2
186.119,4,1872,294.8,8034,7,100,0,-1
186.215,4,1880,306.2,9605,8,35,7,0
186.309,4,1888,306.2,9605,8,35,7,0
186.403,4,1896,306.2,9605,8,35,7,0
186.497,4,1904,306.2,9605,8,35,7,0
186.591,4,1912,306.2,9605,8,35,7,0
186.685,4,1920,306.2,9605,8,35,7,0
186.779,4,1928,306.2,9605,8,35,7,0
186.873,4,1936,306.2,9605,8,35,7,0
186.967,4,1944,306.2,9605,8,35,7,0
187.061,4,1952,306.2,9605,8,35,7,0
187.155,4,1960,306.2,9605,8,35,7,0
187.249,4,1968,306.2,9605,8,35,7,0
187.344,4,1976,306.2,9605,8,35,7,0
187.438,4,1984,306.2,9605,8,35,7,0
187.532,4,1992,306.2,9605,8,35,7,0
187.626,4,2000,306.2,9605,8,35,7,0
187.72,4,2008,306.2,9605,8,35,7,0
187.814,4,2016,306.2,9605,8,35,7,0
187.908,4,2024,306.2,9605,8,35,7,0
188.002,4,2032,306.2,9605,8,35,7,0
188.096,4,2040,306.2,9605,8,0,72,0
188.192,4,2048,295.3,8107,7,0,72,-1
188.291,4,2056,284.4,6610,7,0,72,-2
188.394,4,2064,273.5,10612,7,0,72,-3
188.502,4,2072,262.6,9114,7,0,71,-4
188.614,4,2080,251.8,7616,6,0,71,-5
188.731,4,2088,240.9,6118,6,0,71,-6
188.853,4,2096,230.0,10120,6,0,71,-7
188.981,4,2104,219.1,8623,5,0,70,-7
189.116,4,2112,208.2,7125,5,0,70,-8
189.258,4,2120,197.3,11127,5,0,70,-9
189.408,4,2128,186.4,9629,5,0,70,-10
189.567,4,2136,175.5,8131,4,0,69,-11
189.737,4,2144,164.6,6633,4,0,69,-12
189.918,4,2152,153.7,10635,4,0,69,-13
190.112,4,2160,142.8,9138,4,0,69,-14
190.322,4,2168,131.9,7640,3,0,68,-15
190.549,4,2176,121.0,6142,3,0,68,-16
190.798,4,2184,110.1,10144,3,0,68,-17
191.074,4,2192,99.2,10146,2,0,67,-18
191.381,4,2200,88.4,8648,2,100,0,-19
191.688,4,2208,99.2,10146,2,100,0,-18
191.963,4,2216,110.1,10144,3,100,0,-17
192.212,4,2224,121.0,6142,3,100,0,-16
192.44,4,2232,131.9,7640,3,100,0,-15
192.649,4,2240,142.8,9138,4,100,0,-14
192.843,4,2248,153.7,10635,4,100,0,-13
193.024,4,2256,164.6,6633,4,100,0,-12
193.194,4,2264,175.5,8131,4,100,0,-11
193.353,4,2272,186.4,9629,5,100,0,-10
193.503,4,2280,197.3,11127,5,100,0,-9
193.645,4,2288,208.2,7125,5,100,0,-8
193.78,4,2296,219.1,8623,5,100,0,-7
193.908,4,2304,230.0,10120,6,100,0,-7
194.031,4,2312,240.9,6118,6,100,0,-6
194.147,4,2320,251.8,7616,6,100,0,-5
194.259,4,2328,262.6,9114,7,100,0,-4
194.367,4,2336,273.5,10612,7,100,0,-3
194.47,4,2344,284.4,6610,7,100,0,-2
194.569,4,2352,295.3,8107,7,100,0,-1
194.665,4,2360,306.2,9605,8,35,7,0
194.759,4,2368,306.2,9605,8,35,7,0
194.853,4,2376,306.2,9605,8,35,7,0
194.947,4,2384,306.2,9605,8,35,7,0
195.041,4,2392,306.2,9605,8,35,7,0
195.135,4,2400,306.2,9605,8,35,7,0
195.23,4,2408,306.2,9605,8,35,7,0
195.324,4,2416,306.2,9605,8,35,7,0
195.418,4,2424,306.2,9605,8,35,7,0
195.512,4,2432,306.2,9605,8,35,7,0
195.606,4,2440,306.2,9605,8,35,7,0
195.7,4,2448,306.2,9605,8,35,7,0
195.794,4,2456,306.2,9605,8,35,7,0
195.888,4,2464,306.2,9605,8,35,7,0
195.982,4,2472,306.2,9605,8,35,7,0
196.076,4,2480,306.2,9605,8,35,7,0
196.17,4,2488,306.2,9605,8,35,7,0
196.264,4,2496,306.2,9605,8,35,7,0
196.358,4,2504,306.2,9605,8,35,7,0
196.452,4,2512,306.2,9605,8,35,7,0
196.546,4,2520,306.2,9605,8,35,7,0
196.64,4,2528,306.2,9605,8,35,7,0
196.734,4,2536,306.2,9605,8,35,7,0
196.828,4,2544,306.2,9605,8,35,7,0
196.922,4,2552,306.2,9605,8,35,7,0
197.016,4,2560,306.2,9605,8,35,7,0
197.111,4,2568,306.2,9605,8,35,7,0
197.205,4,2576,306.2,9605,8,35,7,0
197.299,4,2584,306.2,9605,8,35,7,0
197.393,4,2592,306.2,9605,8,35,7,0
197.487,4,2600,306.2,9605,8,35,7,0
197.581,4,2608,306.2,9605,8,35,7,0
197.675,4,2616,306.2,9605,8,35,7,0
197.769,4,2624,306.2,9605,8,24,24,0
197.863,4,2632,303.4,9214,8,0,75,0
197.96,4,2640,292.0,7650,7,0,75,-1
198.061,4,2648,280.6,6085,7,0,75,-2
198.165,4,2656,269.2,10020,7,0,74,-2
198.275,4,2664,257.9,8456,6,0,74,-3
198.389,4,2672,246.5,6891,6,0,74,-4
198.509,4,2680,235.1,10827,6,0,74,-5
198.634,4,2688,223.7,9262,6,0,73,-5
198.766,4,2696,212.3,7698,5,0,73,-6
198.906,4,2704,201.0,6133,5,0,73,-7
199.053,4,2712,189.6,10068,5,0,73,-7
199.21,4,2720,178.2,8504,4,0,72,-8
199.377,4,2728,166.8,6939,4,0,72,-9
199.555,4,2736,155.5,10875,4,0,72,-10
199.748,4,2744,144.1,9310,4,15,37,-10
199.952,4,2752,138.4,8528,3,100,0,-11
200.151,4,2760,149.8,10092,4,100,0,-10
200.337,4,2768,161.1,6157,4,100,0,-9
200.509,4,2776,172.5,7722,4,100,0,-8
200.671,4,2784,183.9,9286,5,100,0,-8
200.823,4,2792,195.3,10851,5,100,0,-7
200.966,4,2800,206.7,6915,5,100,0,-6
201.102,4,2808,218.0,8480,5,100,0,-6
201.23,4,2816,229.4,10044,6,100,0,-5
201.353,4,2824,240.8,6109,6,100,0,-4
201.47,4,2832,252.2,7674,6,100,0,-3
201.582,4,2840,263.6,9238,7,100,0,-3
201.688,4,2848,274.9,10803,7,100,0,-2
201.791,4,2856,286.3,6867,7,100,0,-1
201.89,4,2864,297.7,8432,7,100,0,-1
201.985,4,2872,306.2,9605,8,35,7,0
202.079,4,2880,306.2,9605,8,35,7,0
202.173,4,2888,306.2,9605,8,35,7,0
202.267,4,2896,306.2,9605,8,35,7,0
202.361,4,2904,306.2,9605,8,35,7,0
202.455,4,2912,306.2,9605,8,35,7,0
202.549,4,2920,306.2,9605,8,35,7,0
202.643,4,2928,306.2,9605,8,35,7,0
202.738,4,2936,306.2,9605,8,35,7,0
202.832,4,2944,306.2,9605,8,35,7,0
202.926,4,2952,306.2,9605,8,35,7,0
203.02,4,2960,306.2,9605,8,35,7,0
203.114,4,2968,306.2,9605,8,35,7,0
203.208,4,2976,306.2,9605,8,35,7,0
203.302,4,2984,306.2,9605,8,35,7,0
203.396,4,2992,306.2,9605,8,35,7,0
203.49,4,3000,306.2,9605,8,35,7,0
203.584,4,3008,306.2,9605,8,35,7,0
203.678,4,3016,306.2,9605,8,35,7,0
203.772,4,3024,306.2,9605,8,35,7,0
203.866,4,3032,306.2,9605,8,35,7,0
203.96,4,3040,306.2,9605,8,35,7,0
204.054,4,3048,306.2,9605,8,35,7,0
204.148,4,3056,306.2,9605,8,35,7,0
204.242,4,3064,306.2,9605,8,35,7,0
204.336,4,3072,306.2,9605,8,35,7,0
204.43,4,3080,306.2,9605,8,35,7,0
204.524,4,3088,306.2,9605,8,35,7,0
204.619,4,3096,306.2,9605,8,35,7,0
204.713,4,3104,306.2,9605,8,35,7,0
204.807,4,3112,306.2,9605,8,35,7,0
204.901,4,3120,306.2,9605,8,35,7,0
204.995,4,3128,306.2,9605,8,35,7,0
205.089,4,3136,306.2,9605,8,35,7,0
205.183,4,3144,306.2,9605,8,35,7,0
205.277,4,3152,306.2,9605,8,35,7,0
205.371,4,3160,306.2,9605,8,35,7,0
205.465,4,3168,306.2,9605,8,35,7,0
205.559,4,3176,306.2,9605,8,35,7,0
205.653,4,3184,306.2,9605,8,35,7,0
205.747,4,3192,306.2,9605,8,35,7,0
205.841,4,3200,306.2,9605,8,35,7,0
206.141,5,0,307.4,9773,8,30,15,0
206.235,5,8,307.4,9773,8,30,15,0
206.328,5,16,307.4,9773,8,30,15,0
206.422,5,24,307.4,9773,8,30,15,0
206.516,5,32,307.4,9773,8,30,15,0
206.609,5,40,307.4,9773,8,30,15,0
206.703,5,48,307.4,9773,8,30,15,0
206.797,5,56,307.4,9773,8,30,15,0
206.89,5,64,307.4,9773,8,30,15,0
206.984,5,72,307.4,9773,8,30,15,0
207.078,5,80,307.4,9773,8,30,15,0
207.171,5,88,307.4,9773,8,30,15,0
207.265,5,96,307.4,9773,8,30,15,0
207.359,5,104,307.4,9773,8,30,15,0
207.452,5,112,307.4,9773,8,30,15,0
207.546,5,120,307.4,9773,8,30,15,0
207.64,5,128,307.4,9773,8,30,15,0
207.734,5,136,307.4,9773,8,30,15,0
207.827,5,144,307.4,9773,8,30,15,0
207.921,5,152,307.4,9773,8,30,15,0
208.015,5,160,307.4,9773,8,30,15,0
208.108,5,168,307.4,9773,8,30,15,0
208.202,5,176,307.4,9773,8,30,15,0
208.296,5,184,307.4,9773,8,30,15,0
208.389,5,192,307.4,9773,8,30,15,0
208.483,5,200,307.4,9773,8,30,15,0
208.577,5,208,307.4,9773,8,30,15,0
208.67,5,216,307.4,9773,8,30,15,0
208.764,5,224,307.4,9773,8,19,31,0
208.858,5,232,304.6,9385,8,0,82,0
208.954,5,240,293.3,7833,7,0,81,-1
209.054,5,248,282.0,6280,7,0,81,-2
209.159,5,256,270.7,10228,7,0,80,-3
209.267,5,264,259.5,8676,6,0,80,-4
209.381,5,272,248.2,7123,6,0,79,-5
209.5,5,280,236.9,11071,6,0,78,-6
209.624,5,288,225.6,9519,6,0,78,-7
209.755,5,296,214.3,7966,5,0,77,-8
209.893,5,304,203.0,6414,5,0,77,-9
210.039,5,312,191.7,10362,5,0,76,-10
210.194,5,320,180.4,8809,5,0,76,-10
210.359,5,328,169.1,7257,4,0,75,-11
210.535,5,336,157.9,11205,4,0,75,-12
210.724,5,344,146.6,9652,4,0,74,-13
210.928,5,352,135.3,8100,3,0,74,-14
211.15,5,360,124.0,6548,3,0,73,-15
211.394,5,368,112.7,10495,3,0,73,-16
211.663,5,376,101.4,8943,3,100,0,-17
211.947,5,384,101.4,8943,3,100,0,-17
212.216,5,392,112.7,10495,3,100,0,-16
212.459,5,400,124.0,6548,3,100,0,-15
212.681,5,408,135.3,8100,3,100,0,-14
212.886,5,416,146.6,9652,4,100,0,-13
213.075,5,424,157.9,11205,4,100,0,-12
213.251,5,432,169.1,7257,4,100,0,-11
213.416,5,440,180.4,8809,5,100,0,-10
213.571,5,448,191.7,10362,5,100,0,-10
213.717,5,456,203.0,6414,5,100,0,-9
213.855,5,464,214.3,7966,5,100,0,-8
213.986,5,472,225.6,9519,6,100,0,-7
214.11,5,480,236.9,11071,6,100,0,-6
214.229,5,488,248.2,7123,6,100,0,-5
214.342,5,496,259.5,8676,6,100,0,-4
214.451,5,504,270.7,10228,7,100,0,-3
214.555,5,512,282.0,6280,7,100,0,-2
214.655,5,520,293.3,7833,7,100,0,-1
214.752,5,528,304.6,9385,8,100,0,0
214.846,5,536,307.4,9773,8,30,15,0
214.939,5,544,307.4,9773,8,30,15,0
215.033,5,552,307.4,9773,8,30,15,0
215.127,5,560,307.4,9773,8,30,15,0
215.22,5,568,307.4,9773,8,30,15,0
215.314,5,576,307.4,9773,8,30,15,0
215.408,5,584,307.4,9773,8,30,15,0
215.502,5,592,307.4,9773,8,30,15,0
215.595,5,600,307.4,9773,8,30,15,0
215.689,5,608,307.4,9773,8,30,15,0
215.783,5,616,307.4,9773,8,30,15,0
215.876,5,624,307.4,9773,8,30,15,0
215.97,5,632,307.4,9773,8,30,15,0
216.064,5,640,307.4,9773,8,30,15,0
216.157,5,648,307.4,9773,8,30,15,0
216.251,5,656,307.4,9773,8,30,15,0
216.345,5,664,307.4,9773,8,30,15,0
216.438,5,672,307.4,9773,8,30,15,0
216.532,5,680,307.4,9773,8,30,15,0
216.626,5,688,307.4,9773,8,30,15,0
216.719,5,696,307.4,9773,8,10,46,0
216.814,5,704,302.2,9057,8,0,76,0
216.911,5,712,291.8,7625,7,0,76,-1
217.011,5,720,281.4,6193,7,0,75,-1
217.115,5,728,271.0,10260,7,0,75,-2
217.224,5,736,260.6,8828,7,0,74,-3
217.337,5,744,250.2,7396,6,0,74,-3
217.454,5,752,239.7,11464,6,0,73,-4
217.577,5,760,229.3,10032,6,0,73,-4
217.706,5,768,218.9,8599,5,0,72,-5
217.84,5,776,208.5,7167,5,0,72,-5
217.982,5,784,198.1,11235,5,0,71,-6
218.131,5,792,187.7,9803,5,0,71,-6
218.289,5,800,177.2,8370,4,0,70,-7
218.457,5,808,166.8,6938,4,0,70,-8
218.635,5,816,156.4,11006,4,35,7,-8
218.819,5,824,156.4,11006,4,100,0,-8
218.997,5,832,166.8,6938,4,100,0,-8
219.165,5,840,177.2,8370,4,100,0,-7
219.322,5,848,187.7,9803,5,100,0,-6
219.472,5,856,198.1,11235,5,100,0,-6
219.613,5,864,208.5,7167,5,100,0,-5
219.748,5,872,218.9,8599,5,100,0,-5
219.877,5,880,229.3,10032,6,100,0,-4
219.999,5,888,239.7,11464,6,100,0,-4
220.117,5,896,250.2,7396,6,100,0,-3
220.23,5,904,260.6,8828,7,100,0,-3
220.338,5,912,271.0,10260,7,100,0,-2
220.442,5,920,281.4,6193,7,100,0,-1
220.543,5,928,291.8,7625,7,100,0,-1
220.64,5,936,302.2,9057,8,100,0,0
220.734,5,944,307.4,9773,8,30,15,0
220.828,5,952,307.4,9773,8,30,15,0
220.922,5,960,307.4,9773,8,30,15,0
221.015,5,968,307.4,9773,8,30,15,0
221.109,5,976,307.4,9773,8,30,15,0
221.203,5,984,307.4,9773,8,30,15,0
221.296,5,992,307.4,9773,8,30,15,0
221.39,5,1000,307.4,9773,8,30,15,0
221.484,5,1008,307.4,9773,8,30,15,0
221.577,5,1016,307.4,9773,8,30,15,0
221.671,5,1024,307.4,9773,8,30,15,0
221.765,5,1032,307.4,9773,8,30,15,0
221.858,5,1040,307.4,9773,8,30,15,0
221.952,5,1048,307.4,9773,8,30,15,0
222.046,5,1056,307.4,9773,8,30,15,0
222.14,5,1064,307.4,9773,8,30,15,0
222.233,5,1072,307.4,9773,8,30,15,0
222.327,5,1080,307.4,9773,8,0,81,0
222.422,5,1088,296.3,8240,7,0,80,-1
222.521,5,1096,285.1,6707,7,0,80,-2
222.624,5,1104,274.0,10675,7,0,79,-3
222.732,5,1112,262.9,9142,7,0,79,-4
222.844,5,1120,251.7,7609,6,0,78,-5
222.961,5,1128,240.6,6076,6,0,78,-6
223.083,5,1136,229.4,10044,6,0,77,-7
223.212,5,1144,218.3,8511,5,0,77,-8
223.347,5,1152,207.1,6978,5,0,76,-9
223.49,5,1160,196.0,10945,5,0,76,-10
223.641,5,1168,184.8,9413,5,0,75,-11
223.802,5,1176,173.7,7880,4,0,75,-12
223.973,5,1184,162.5,6347,4,0,74,-13
224.157,5,1192,151.4,10314,4,0,74,-14
224.354,5,1200,140.2,8782,4,0,73,-15
224.568,5,1208,129.1,7249,3,0,72,-16
224.801,5,1216,117.9,11216,3,0,72,-17
225.058,5,1224,106.8,9683,3,0,71,-18
225.342,5,1232,95.6,9651,2,0,71,-19
225.662,5,1240,84.5,8118,2,0,70,-20
226.027,5,1248,73.3,12085,2,100,0,-21
226.405,5,1256,78.9,12852,2,100,0,-21
226.746,5,1264,90.1,8884,2,100,0,-20
227.047,5,1272,101.2,8917,3,100,0,-19
227.317,5,1280,112.4,10450,3,100,0,-18
227.561,5,1288,123.5,6483,3,100,0,-17
227.784,5,1296,134.7,8015,3,100,0,-16
227.99,5,1304,145.8,9548,4,100,0,-15
228.18,5,1312,157.0,11081,4,100,0,-14
228.357,5,1320,168.1,7114,4,100,0,-13
228.523,5,1328,179.2,8646,4,100,0,-12
228.679,5,1336,190.4,10179,5,100,0,-11
228.826,5,1344,201.5,6212,5,100,0,-10
228.965,5,1352,212.7,7745,5,100,0,-9
229.097,5,1360,223.8,9277,6,100,0,-8
229.222,5,1368,235.0,10810,6,100,0,-7
229.342,5,1376,246.1,6843,6,100,0,-6
229.456,5,1384,257.3,8376,6,100,0,-5
229.566,5,1392,268.4,9908,7,100,0,-4
229.671,5,1400,279.6,11441,7,100,0,-3
229.772,5,1408,290.7,7474,7,100,0,-2
229.869,5,1416,301.9,9007,8,100,0,-1
229.964,5,1424,307.4,9773,8,30,15,0
230.058,5,1432,307.4,9773,8,30,15,0
230.151,5,1440,307.4,9773,8,30,15,0
230.245,5,1448,307.4,9773,8,30,15,0
230.339,5,1456,307.4,9773,8,30,15,0
230.432,5,1464,307.4,9773,8,30,15,0
230.526,5,1472,307.4,9773,8,30,15,0
230.62,5,1480,307.4,9773,8,30,15,0
230.713,5,1488,307.4,9773,8,30,15,0
230.807,5,1496,307.4,9773,8,30,15,0
230.901,5,1504,307.4,9773,8,30,15,0
230.994,5,1512,307.4,9773,8,30,15,0
231.088,5,1520,307.4,9773,8,30,15,0
231.182,5,1528,307.4,9773,8,30,15,0
231.275,5,1536,307.4,9773,8,30,15,0
231.369,5,1544,307.4,9773,8,30,15,0
231.463,5,1552,307.4,9773,8,30,15,0
231.556,5,1560,307.4,9773,8,30,15,0
231.65,5,1568,307.4,9773,8,30,15,0
231.744,5,1576,307.4,9773,8,30,15,0
231.837,5,1584,307.4,9773,8,30,15,0
231.931,5,1592,307.4,9773,8,30,15,0
232.025,5,1600,307.4,9773,8,30,15,0
232.118,5,1608,307.4,9773,8,30,15,0
232.212,5,1616,307.4,9773,8,7,49,0
232.307,5,1624,301.7,8984,8,0,83,0
232.404,5,1632,290.2,7406,7,0,82,-1
232.505,5,1640,278.8,11328,7,0,82,-2
232.611,5,1648,267.3,9750,7,0,81,-3
232.721,5,1656,255.8,8172,6,0,80,-4
232.836,5,1664,244.3,6595,6,0,80,-5
232.957,5,1672,232.8,10517,6,0,79,-5
233.083,5,1680,221.4,8939,6,0,79,-6
233.217,5,1688,209.9,7361,5,0,78,-7
233.358,5,1696,198.4,11283,5,0,78,-8
233.508,5,1704,186.9,9705,5,0,77,-9
233.667,5,1712,175.5,8127,4,0,77,-9
233.836,5,1720,164.0,6549,4,0,76,-10
234.018,5,1728,152.5,10471,4,0,76,-11
234.214,5,1736,141.0,8893,4,0,75,-12
234.427,5,1744,129.6,7315,3,13,40,-13
234.655,5,1752,123.8,6526,3,100,0,-13
234.877,5,1760,135.3,8104,3,100,0,-12
235.081,5,1768,146.8,9682,4,100,0,-11
235.27,5,1776,158.3,11260,4,100,0,-11
235.445,5,1784,169.7,7338,4,100,0,-10
235.61,5,1792,181.2,8916,5,100,0,-9
235.764,5,1800,192.7,10494,5,100,0,-8
235.909,5,1808,204.2,6572,5,100,0,-7
236.046,5,1816,215.6,8150,5,100,0,-7
236.176,5,1824,227.1,9728,6,100,0,-6
236.3,5,1832,238.6,11306,6,100,0,-5
236.418,5,1840,250.1,7383,6,100,0,-4
236.53,5,1848,261.5,8961,7,100,0,-3
236.638,5,1856,273.0,10539,7,100,0,-2
236.741,5,1864,284.5,6617,7,100,0,-2
236.841,5,1872,296.0,8195,7,100,0,-1
236.936,5,1880,307.4,9773,8,30,15,0
237.03,5,1888,307.4,9773,8,30,15,0
237.123,5,1896,307.4,9773,8,30,15,0
237.217,5,1904,307.4,9773,8,30,15,0
237.311,5,1912,307.4,9773,8,30,15,0
237.404,5,1920,307.4,9773,8,30,15,0
237.498,5,1928,307.4,9773,8,30,15,0
237.592,5,1936,307.4,9773,8,30,15,0
237.685,5,1944,307.4,9773,8,30,15,0
237.779,5,1952,307.4,9773,8,30,15,0
237.873,5,1960,307.4,9773,8,30,15,0
237.966,5,1968,307.4,9773,8,30,15,0
238.06,5,1976,307.4,9773,8,30,15,0
238.154,5,1984,307.4,9773,8,30,15,0
238.248,5,1992,307.4,9773,8,30,15,0
238.341,5,2000,307.4,9773,8,30,15,0
238.435,5,2008,307.4,9773,8,30,15,0
238.529,5,2016,307.4,9773,8,30,15,0
238.622,5,2024,307.4,9773,8,30,15,0
238.716,5,2032,307.4,9773,8,30,15,0
238.81,5,2040,307.4,9773,8,0,80,0
238.905,5,2048,296.5,8269,7,0,79,-1
239.004,5,2056,285.6,6765,7,0,79,-2
239.107,5,2064,274.6,10762,7,0,78,-3
239.214,5,2072,263.7,9258,7,0,78,-4
239.325,5,2080,252.8,7754,6,0,77,-5
239.442,5,2088,241.8,6250,6,0,77,-6
239.564,5,2096,230.9,10246,6,0,76,-7
239.691,5,2104,219.9,8743,5,0,76,-7
239.826,5,2112,209.0,7239,5,0,75,-8
239.967,5,2120,198.1,11235,5,0,75,-9
240.117,5,2128,187.1,9731,5,0,74,-10
240.275,5,2136,176.2,8227,4,0,73,-11
240.444,5,2144,165.3,6723,4,0,73,-12
240.624,5,2152,154.3,10720,4,0,72,-13
240.818,5,2160,143.4,9216,4,0,72,-14
241.026,5,2168,132.5,7712,3,0,71,-15
241.253,5,2176,121.5,6208,3,0,71,-16
241.501,5,2184,110.6,10204,3,0,70,-17
241.775,5,2192,99.6,10201,2,0,70,-18
242.081,5,2200,88.7,8697,2,100,0,-19
242.387,5,2208,99.6,10201,2,100,0,-18
242.661,5,2216,110.6,10204,3,100,0,-17
242.909,5,2224,121.5,6208,3,100,0,-16
243.136,5,2232,132.5,7712,3,100,0,-15
243.345,5,2240,143.4,9216,4,100,0,-14
243.538,5,2248,154.3,10720,4,100,0,-13
243.719,5,2256,165.3,6723,4,100,0,-12
243.887,5,2264,176.2,8227,4,100,0,-11
244.046,5,2272,187.1,9731,5,100,0,-10
244.195,5,2280,198.1,11235,5,100,0,-9
244.337,5,2288,209.0,7239,5,100,0,-8
244.471,5,2296,219.9,8743,5,100,0,-7
244.599,5,2304,230.9,10246,6,100,0,-7
244.721,5,2312,241.8,6250,6,100,0,-6
244.837,5,2320,252.8,7754,6,100,0,-5
244.949,5,2328,263.7,9258,7,100,0,-4
245.056,5,2336,274.6,10762,7,100,0,-3
245.158,5,2344,285.6,6765,7,100,0,-2
245.257,5,2352,296.5,8269,7,100,0,-1
245.353,5,2360,307.4,9773,8,30,15,0
245.446,5,2368,307.4,9773,8,30,15,0
245.54,5,2376,307.4,9773,8,30,15,0
245.634,5,2384,307.4,9773,8,30,15,0
245.728,5,2392,307.4,9773,8,30,15,0
245.821,5,2400,307.4,9773,8,30,15,0
245.915,5,2408,307.4,9773,8,30,15,0
246.009,5,2416,307.4,9773,8,30,15,0
246.102,5,2424,307.4,9773,8,30,15,0
246.196,5,2432,307.4,9773,8,30,15,0
246.29,5,2440,307.4,9773,8,30,15,0
246.383,5,2448,307.4,9773,8,30,15,0
246.477,5,2456,307.4,9773,8,30,15,0
246.571,5,2464,307.4,9773,8,30,15,0
246.664,5,2472,307.4,9773,8,30,15,0
246.758,5,2480,307.4,9773,8,30,15,0
246.852,5,2488,307.4,9773,8,30,15,0
246.945,5,2496,307.4,9773,8,30,15,0
247.039,5,2504,307.4,9773,8,30,15,0
247.133,5,2512,307.4,9773,8,30,15,0
247.226,5,2520,307.4,9773,8,30,15,0
247.32,5,2528,307.4,9773,8,30,15,0
247.414,5,2536,307.4,9773,8,30,15,0
247.507,5,2544,307.4,9773,8,30,15,0
247.601,5,2552,307.4,9773,8,30,15,0
247.695,5,2560,307.4,9773,8,30,15,0
247.788,5,2568,307.4,9773,8,30,15,0
247.882,5,2576,307.4,9773,8,30,15,0
247.976,5,2584,307.4,9773,8,30,15,0
248.069,5,2592,307.4,9773,8,30,15,0
248.163,5,2600,307.4,9773,8,30,15,0
248.257,5,2608,307.4,9773,8,30,15,0
248.35,5,2616,307.4,9773,8,30,15,0
248.444,5,2624,307.4,9773,8,19,32,0
248.538,5,2632,304.6,9380,8,0,83,0
248.635,5,2640,293.2,7809,7,0,82,-1
248.735,5,2648,281.7,6239,7,0,81,-2
248.839,5,2656,270.3,10168,7,0,81,-2
248.948,5,2664,258.9,8597,6,0,80,-3
249.062,5,2672,247.5,7026,6,0,80,-4
249.181,5,2680,236.0,10956,6,0,79,-5
249.306,5,2688,224.6,9385,6,0,79,-5
249.437,5,2696,213.2,7814,5,0,78,-6
249.576,5,2704,201.8,6243,5,0,78,-7
249.723,5,2712,190.3,10172,5,0,77,-7
249.879,5,2720,178.9,8601,4,0,77,-8
250.045,5,2728,167.5,7031,4,0,76,-9
250.223,5,2736,156.1,10960,4,0,75,-10
250.415,5,2744,144.6,9389,4,13,41,-10
250.618,5,2752,138.9,8604,3,100,0,-11
250.817,5,2760,150.4,10175,4,100,0,-10
251.002,5,2768,161.8,6245,4,100,0,-9
251.174,5,2776,173.2,7816,4,100,0,-8
251.335,5,2784,184.6,9387,5,100,0,-8
251.486,5,2792,196.1,10958,5,100,0,-7
251.629,5,2800,207.5,7029,5,100,0,-6
251.764,5,2808,218.9,8599,5,100,0,-6
251.892,5,2816,230.3,10170,6,100,0,-5
252.014,5,2824,241.8,6241,6,100,0,-4
252.13,5,2832,253.2,7812,6,100,0,-3
252.242,5,2840,264.6,9383,7,100,0,-3
252.348,5,2848,276.0,10953,7,100,0,-2
252.45,5,2856,287.4,7024,7,100,0,-1
252.549,5,2864,298.9,8595,7,100,0,-1
252.644,5,2872,307.4,9773,8,30,15,0
252.737,5,2880,307.4,9773,8,30,15,0
252.831,5,2888,307.4,9773,8,30,15,0
252.925,5,2896,307.4,9773,8,30,15,0
253.018,5,2904,307.4,9773,8,30,15,0
253.112,5,2912,307.4,9773,8,30,15,0
253.206,5,2920,307.4,9773,8,30,15,0
253.299,5,2928,307.4,9773,8,30,15,0
253.393,5,2936,307.4,9773,8,30,15,0
253.487,5,2944,307.4,9773,8,30,15,0
253.58,5,2952,307.4,9773,8,30,15,0
253.674,5,2960,307.4,9773,8,30,15,0
253.768,5,2968,307.4,9773,8,30,15,0
253.861,5,2976,307.4,9773,8,30,15,0
253.955,5,2984,307.4,9773,8,30,15,0
254.049,5,2992,307.4,9773,8,30,15,0
254.142,5,3000,307.4,9773,8,30,15,0
254.236,5,3008,307.4,9773,8,30,15,0
254.33,5,3016,307.4,9773,8,30,15,0
254.424,5,3024,307.4,9773,8,30,15,0
254.517,5,3032,307.4,9773,8,30,15,0
254.611,5,3040,307.4,9773,8,30,15,0
254.705,5,3048,307.4,9773,8,30,15,0
254.798,5,3056,307.4,9773,8,30,15,0
254.892,5,3064,307.4,9773,8,30,15,0
254.986,5,3072,307.4,9773,8,30,15,0
255.079,5,3080,307.4,9773,8,30,15,0
255.173,5,3088,307.4,9773,8,30,15,0
255.267,5,3096,307.4,9773,8,30,15,0
255.36,5,3104,307.4,9773,8,30,15,0
255.454,5,3112,307.4,9773,8,30,15,0
255.548,5,3120,307.4,9773,8,30,15,0
255.641,5,3128,307.4,9773,8,30,15,0
255.735,5,3136,307.4,9773,8,30,15,0
255.829,5,3144,307.4,9773,8,30,15,0
255.922,5,3152,307.4,9773,8,30,15,0
256.016,5,3160,307.4,9773,8,30,15,0
256.11,5,3168,307.4,9773,8,30,15,0
256.203,5,3176,307.4,9773,8,30,15,0
256.297,5,3184,307.4,9773,8,30,15,0
256.391,5,3192,307.4,9773,8,30,15,0
256.484,5,3200,307.4,9773,8,30,15,0
